data_base,cnpj_raiz,nome_instituicao,conta,nome_conta,saldo,arquivo,linha_arquivo,sha256_arquivo,fonte
202501,92894922,BANCO ORIGINAL,1899800001,(-) PROVISÃO PARA PERDAS DE CRÉDITO EM RESTITUIÇÃO DE DEPÓSITOS JUDICIAIS E ADMINISTRATIVOS,-5615.23,202501BANCOS.CSV,49914,167bcf1231df1601314f6a3a669a5b548a872f383d067e52b47bdfb6a0322479,BCB balancete doc. 4010
202501,28195667,BCO ABC BRASIL S.A.,4155000009,DEPÓSITOS JUDICIAIS E ADMINISTRATIVOS MANTIDOS NA INSTITUIÇÃO,1576300.06,202501BANCOS.CSV,21372,167bcf1231df1601314f6a3a669a5b548a872f383d067e52b47bdfb6a0322479,BCB balancete doc. 4010
202501,28195667,BCO ABC BRASIL S.A.,8114000008,(-) DESPESAS DE DEPÓSITOS JUDICIAIS E ADMINISTRATIVOS MANTIDOS NA INSTITUIÇÃO,-10415.43,202501BANCOS.CSV,21506,167bcf1231df1601314f6a3a669a5b548a872f383d067e52b47bdfb6a0322479,BCB balancete doc. 4010
202501,28127603,BCO BANESTES S.A.,4155000009,DEPÓSITOS JUDICIAIS E ADMINISTRATIVOS MANTIDOS NA INSTITUIÇÃO,4050916291.96,202501BANCOS.CSV,20657,167bcf1231df1601314f6a3a669a5b548a872f383d067e52b47bdfb6a0322479,BCB balancete doc. 4010
202501,28127603,BCO BANESTES S.A.,8114000008,(-) DESPESAS DE DEPÓSITOS JUDICIAIS E ADMINISTRATIVOS MANTIDOS NA INSTITUIÇÃO,-36420942.86,202501BANCOS.CSV,20789,167bcf1231df1601314f6a3a669a5b548a872f383d067e52b47bdfb6a0322479,BCB balancete doc. 4010
202501,28127603,BCO BANESTES S.A.,9090900001,DEPÓSITOS JUDICIAIS E ADMINISTRATIVOS REPASSADOS A MUNICÍPIOS,493054124.58,202501BANCOS.CSV,20862,167bcf1231df1601314f6a3a669a5b548a872f383d067e52b47bdfb6a0322479,BCB balancete doc. 4010
202501,61186680,BCO BMG S.A.,1899800001,(-) PROVISÃO PARA PERDAS DE CRÉDITO EM RESTITUIÇÃO DE DEPÓSITOS JUDICIAIS E ADMINISTRATIVOS,-533649.66,202501BANCOS.CSV,41808,167bcf1231df1601314f6a3a669a5b548a872f383d067e52b47bdfb6a0322479,BCB balancete doc. 4010
202501,60746948,BCO BRADESCO S.A.,4155000009,DEPÓSITOS JUDICIAIS E ADMINISTRATIVOS MANTIDOS NA INSTITUIÇÃO,260674410.4,202501BANCOS.CSV,38523,167bcf1231df1601314f6a3a669a5b548a872f383d067e52b47bdfb6a0322479,BCB balancete doc. 4010
202501,60746948,BCO BRADESCO S.A.,8114000008,(-) DESPESAS DE DEPÓSITOS JUDICIAIS E ADMINISTRATIVOS MANTIDOS NA INSTITUIÇÃO,-1688818.0,202501BANCOS.CSV,38722,167bcf1231df1601314f6a3a669a5b548a872f383d067e52b47bdfb6a0322479,BCB balancete doc. 4010
202501,04902979,BCO DA AMAZONIA S.A.,4155000009,DEPÓSITOS JUDICIAIS E ADMINISTRATIVOS MANTIDOS NA INSTITUIÇÃO,79515758.31,202501BANCOS.CSV,9402,167bcf1231df1601314f6a3a669a5b548a872f383d067e52b47bdfb6a0322479,BCB balancete doc. 4010
202501,04902979,BCO DA AMAZONIA S.A.,8114000008,(-) DESPESAS DE DEPÓSITOS JUDICIAIS E ADMINISTRATIVOS MANTIDOS NA INSTITUIÇÃO,-506532.68,202501BANCOS.CSV,9525,167bcf1231df1601314f6a3a669a5b548a872f383d067e52b47bdfb6a0322479,BCB balancete doc. 4010
202501,00000000,BCO DO BRASIL S.A.,4155000009,DEPÓSITOS JUDICIAIS E ADMINISTRATIVOS MANTIDOS NA INSTITUIÇÃO,246690537788.6,202501BANCOS.CSV,275,167bcf1231df1601314f6a3a669a5b548a872f383d067e52b47bdfb6a0322479,BCB balancete doc. 4010
202501,00000000,BCO DO BRASIL S.A.,8114000008,(-) DESPESAS DE DEPÓSITOS JUDICIAIS E ADMINISTRATIVOS MANTIDOS NA INSTITUIÇÃO,-2129230269.32,202501BANCOS.CSV,481,167bcf1231df1601314f6a3a669a5b548a872f383d067e52b47bdfb6a0322479,BCB balancete doc. 4010
202501,00000000,BCO DO BRASIL S.A.,9090800008,DEPÓSITOS JUDICIAIS E ADMINISTRATIVOS REPASSADOS A ESTADOS E DISTRITO FEDERAL,59146300158.6,202501BANCOS.CSV,586,167bcf1231df1601314f6a3a669a5b548a872f383d067e52b47bdfb6a0322479,BCB balancete doc. 4010
202501,00000000,BCO DO BRASIL S.A.,9090900001,DEPÓSITOS JUDICIAIS E ADMINISTRATIVOS REPASSADOS A MUNICÍPIOS,22324547165.39,202501BANCOS.CSV,587,167bcf1231df1601314f6a3a669a5b548a872f383d067e52b47bdfb6a0322479,BCB balancete doc. 4010
202501,13009717,BCO DO EST. DE SE S.A.,1899800001,(-) PROVISÃO PARA PERDAS DE CRÉDITO EM RESTITUIÇÃO DE DEPÓSITOS JUDICIAIS E ADMINISTRATIVOS,-28893.85,202501BANCOS.CSV,15833,167bcf1231df1601314f6a3a669a5b548a872f383d067e52b47bdfb6a0322479,BCB balancete doc. 4010
202501,13009717,BCO DO EST. DE SE S.A.,4155000009,DEPÓSITOS JUDICIAIS E ADMINISTRATIVOS MANTIDOS NA INSTITUIÇÃO,1846439846.3,202501BANCOS.CSV,15951,167bcf1231df1601314f6a3a669a5b548a872f383d067e52b47bdfb6a0322479,BCB balancete doc. 4010
202501,13009717,BCO DO EST. DE SE S.A.,8114000008,(-) DESPESAS DE DEPÓSITOS JUDICIAIS E ADMINISTRATIVOS MANTIDOS NA INSTITUIÇÃO,-13841829.17,202501BANCOS.CSV,16062,167bcf1231df1601314f6a3a669a5b548a872f383d067e52b47bdfb6a0322479,BCB balancete doc. 4010
202501,13009717,BCO DO EST. DE SE S.A.,9090800008,DEPÓSITOS JUDICIAIS E ADMINISTRATIVOS REPASSADOS A ESTADOS E DISTRITO FEDERAL,228709721.53,202501BANCOS.CSV,16134,167bcf1231df1601314f6a3a669a5b548a872f383d067e52b47bdfb6a0322479,BCB balancete doc. 4010
202501,13009717,BCO DO EST. DE SE S.A.,9090900001,DEPÓSITOS JUDICIAIS E ADMINISTRATIVOS REPASSADOS A MUNICÍPIOS,13336671.51,202501BANCOS.CSV,16135,167bcf1231df1601314f6a3a669a5b548a872f383d067e52b47bdfb6a0322479,BCB balancete doc. 4010
202501,04913711,BCO DO EST. DO PA S.A.,4155000009,DEPÓSITOS JUDICIAIS E ADMINISTRATIVOS MANTIDOS NA INSTITUIÇÃO,409647.5,202501BANCOS.CSV,9795,167bcf1231df1601314f6a3a669a5b548a872f383d067e52b47bdfb6a0322479,BCB balancete doc. 4010
202501,04913711,BCO DO EST. DO PA S.A.,8114000008,(-) DESPESAS DE DEPÓSITOS JUDICIAIS E ADMINISTRATIVOS MANTIDOS NA INSTITUIÇÃO,-315.86,202501BANCOS.CSV,9913,167bcf1231df1601314f6a3a669a5b548a872f383d067e52b47bdfb6a0322479,BCB balancete doc. 4010
202501,92702067,BCO DO ESTADO DO RS S.A.,4155000009,DEPÓSITOS JUDICIAIS E ADMINISTRATIVOS MANTIDOS NA INSTITUIÇÃO,8315828991.32,202501BANCOS.CSV,48967,167bcf1231df1601314f6a3a669a5b548a872f383d067e52b47bdfb6a0322479,BCB balancete doc. 4010
202501,92702067,BCO DO ESTADO DO RS S.A.,8114000008,(-) DESPESAS DE DEPÓSITOS JUDICIAIS E ADMINISTRATIVOS MANTIDOS NA INSTITUIÇÃO,-57543285.17,202501BANCOS.CSV,49134,167bcf1231df1601314f6a3a669a5b548a872f383d067e52b47bdfb6a0322479,BCB balancete doc. 4010
202501,92702067,BCO DO ESTADO DO RS S.A.,9090800008,DEPÓSITOS JUDICIAIS E ADMINISTRATIVOS REPASSADOS A ESTADOS E DISTRITO FEDERAL,10378683442.94,202501BANCOS.CSV,49217,167bcf1231df1601314f6a3a669a5b548a872f383d067e52b47bdfb6a0322479,BCB balancete doc. 4010
202501,92702067,BCO DO ESTADO DO RS S.A.,9090900001,DEPÓSITOS JUDICIAIS E ADMINISTRATIVOS REPASSADOS A MUNICÍPIOS,116378408.91,202501BANCOS.CSV,49218,167bcf1231df1601314f6a3a669a5b548a872f383d067e52b47bdfb6a0322479,BCB balancete doc. 4010
202501,07237373,BCO DO NORDESTE DO BRASIL S.A.,4155000009,DEPÓSITOS JUDICIAIS E ADMINISTRATIVOS MANTIDOS NA INSTITUIÇÃO,201059055.23,202501BANCOS.CSV,11019,167bcf1231df1601314f6a3a669a5b548a872f383d067e52b47bdfb6a0322479,BCB balancete doc. 4010
202501,07237373,BCO DO NORDESTE DO BRASIL S.A.,8114000008,(-) DESPESAS DE DEPÓSITOS JUDICIAIS E ADMINISTRATIVOS MANTIDOS NA INSTITUIÇÃO,-1266480.54,202501BANCOS.CSV,11170,167bcf1231df1601314f6a3a669a5b548a872f383d067e52b47bdfb6a0322479,BCB balancete doc. 4010
202501,17184037,BCO MERCANTIL DO BRASIL S.A.,4155000009,DEPÓSITOS JUDICIAIS E ADMINISTRATIVOS MANTIDOS NA INSTITUIÇÃO,809592.0,202501BANCOS.CSV,18410,167bcf1231df1601314f6a3a669a5b548a872f383d067e52b47bdfb6a0322479,BCB balancete doc. 4010
202501,17184037,BCO MERCANTIL DO BRASIL S.A.,8114000008,(-) DESPESAS DE DEPÓSITOS JUDICIAIS E ADMINISTRATIVOS MANTIDOS NA INSTITUIÇÃO,-1394.65,202501BANCOS.CSV,18540,167bcf1231df1601314f6a3a669a5b548a872f383d067e52b47bdfb6a0322479,BCB balancete doc. 4010
202501,90400888,BCO SANTANDER (BRASIL) S.A.,4155000009,DEPÓSITOS JUDICIAIS E ADMINISTRATIVOS MANTIDOS NA INSTITUIÇÃO,128096037.07,202501BANCOS.CSV,48091,167bcf1231df1601314f6a3a669a5b548a872f383d067e52b47bdfb6a0322479,BCB balancete doc. 4010
202501,90400888,BCO SANTANDER (BRASIL) S.A.,8114000008,(-) DESPESAS DE DEPÓSITOS JUDICIAIS E ADMINISTRATIVOS MANTIDOS NA INSTITUIÇÃO,-817463.94,202501BANCOS.CSV,48297,167bcf1231df1601314f6a3a669a5b548a872f383d067e52b47bdfb6a0322479,BCB balancete doc. 4010
202501,00000208,BRB - BCO DE BRASILIA S.A.,4155000009,DEPÓSITOS JUDICIAIS E ADMINISTRATIVOS MANTIDOS NA INSTITUIÇÃO,18144068141.76,202501BANCOS.CSV,841,167bcf1231df1601314f6a3a669a5b548a872f383d067e52b47bdfb6a0322479,BCB balancete doc. 4010
202501,00000208,BRB - BCO DE BRASILIA S.A.,8114000008,(-) DESPESAS DE DEPÓSITOS JUDICIAIS E ADMINISTRATIVOS MANTIDOS NA INSTITUIÇÃO,-97216253.62,202501BANCOS.CSV,972,167bcf1231df1601314f6a3a669a5b548a872f383d067e52b47bdfb6a0322479,BCB balancete doc. 4010
202501,00000208,BRB - BCO DE BRASILIA S.A.,9090800008,DEPÓSITOS JUDICIAIS E ADMINISTRATIVOS REPASSADOS A ESTADOS E DISTRITO FEDERAL,3324124305.48,202501BANCOS.CSV,1051,167bcf1231df1601314f6a3a669a5b548a872f383d067e52b47bdfb6a0322479,BCB balancete doc. 4010
202501,00000208,BRB - BCO DE BRASILIA S.A.,9090900001,DEPÓSITOS JUDICIAIS E ADMINISTRATIVOS REPASSADOS A MUNICÍPIOS,1389522065.65,202501BANCOS.CSV,1052,167bcf1231df1601314f6a3a669a5b548a872f383d067e52b47bdfb6a0322479,BCB balancete doc. 4010
202501,00360305,CAIXA ECONOMICA FEDERAL,4155000009,DEPÓSITOS JUDICIAIS E ADMINISTRATIVOS MANTIDOS NA INSTITUIÇÃO,110358464769.51,202501BANCOS.CSV,1350,167bcf1231df1601314f6a3a669a5b548a872f383d067e52b47bdfb6a0322479,BCB balancete doc. 4010
202501,00360305,CAIXA ECONOMICA FEDERAL,8114000008,(-) DESPESAS DE DEPÓSITOS JUDICIAIS E ADMINISTRATIVOS MANTIDOS NA INSTITUIÇÃO,-859792741.67,202501BANCOS.CSV,1536,167bcf1231df1601314f6a3a669a5b548a872f383d067e52b47bdfb6a0322479,BCB balancete doc. 4010
202501,00360305,CAIXA ECONOMICA FEDERAL,9090700005,DEPÓSITOS JUDICIAIS E ADMINISTRATIVOS REPASSADOS À UNIÃO,352415424080.11,202501BANCOS.CSV,1632,167bcf1231df1601314f6a3a669a5b548a872f383d067e52b47bdfb6a0322479,BCB balancete doc. 4010
202501,00360305,CAIXA ECONOMICA FEDERAL,9090800008,DEPÓSITOS JUDICIAIS E ADMINISTRATIVOS REPASSADOS A ESTADOS E DISTRITO FEDERAL,5228625404.57,202501BANCOS.CSV,1633,167bcf1231df1601314f6a3a669a5b548a872f383d067e52b47bdfb6a0322479,BCB balancete doc. 4010
202501,00360305,CAIXA ECONOMICA FEDERAL,9090900001,DEPÓSITOS JUDICIAIS E ADMINISTRATIVOS REPASSADOS A MUNICÍPIOS,945529165.53,202501BANCOS.CSV,1634,167bcf1231df1601314f6a3a669a5b548a872f383d067e52b47bdfb6a0322479,BCB balancete doc. 4010
202501,62331228,DEUTSCHE BANK S.A.BCO ALEMAO,1899800001,(-) PROVISÃO PARA PERDAS DE CRÉDITO EM RESTITUIÇÃO DE DEPÓSITOS JUDICIAIS E ADMINISTRATIVOS,-125.67,202501BANCOS.CSV,44942,167bcf1231df1601314f6a3a669a5b548a872f383d067e52b47bdfb6a0322479,BCB balancete doc. 4010
202501,60701190,ITAÚ UNIBANCO S.A.,4155000009,DEPÓSITOS JUDICIAIS E ADMINISTRATIVOS MANTIDOS NA INSTITUIÇÃO,18455603.22,202501BANCOS.CSV,37867,167bcf1231df1601314f6a3a669a5b548a872f383d067e52b47bdfb6a0322479,BCB balancete doc. 4010
202501,60701190,ITAÚ UNIBANCO S.A.,8114000008,(-) DESPESAS DE DEPÓSITOS JUDICIAIS E ADMINISTRATIVOS MANTIDOS NA INSTITUIÇÃO,-118319.74,202501BANCOS.CSV,38075,167bcf1231df1601314f6a3a669a5b548a872f383d067e52b47bdfb6a0322479,BCB balancete doc. 4010
202502,92894922,BANCO ORIGINAL,1899800001,(-) PROVISÃO PARA PERDAS DE CRÉDITO EM RESTITUIÇÃO DE DEPÓSITOS JUDICIAIS E ADMINISTRATIVOS,-5654.48,202502BANCOS.CSV,50337,0bb9539164f50976d5f4396d1ed586b2cbe2d7b0a75d18a1f7a278444787340d,BCB balancete doc. 4010
202502,28195667,BCO ABC BRASIL S.A.,4155000009,DEPÓSITOS JUDICIAIS E ADMINISTRATIVOS MANTIDOS NA INSTITUIÇÃO,1585216.03,202502BANCOS.CSV,21564,0bb9539164f50976d5f4396d1ed586b2cbe2d7b0a75d18a1f7a278444787340d,BCB balancete doc. 4010
202502,28195667,BCO ABC BRASIL S.A.,8114000008,(-) DESPESAS DE DEPÓSITOS JUDICIAIS E ADMINISTRATIVOS MANTIDOS NA INSTITUIÇÃO,-19331.4,202502BANCOS.CSV,21701,0bb9539164f50976d5f4396d1ed586b2cbe2d7b0a75d18a1f7a278444787340d,BCB balancete doc. 4010
202502,28127603,BCO BANESTES S.A.,4155000009,DEPÓSITOS JUDICIAIS E ADMINISTRATIVOS MANTIDOS NA INSTITUIÇÃO,4061059087.85,202502BANCOS.CSV,20846,0bb9539164f50976d5f4396d1ed586b2cbe2d7b0a75d18a1f7a278444787340d,BCB balancete doc. 4010
202502,28127603,BCO BANESTES S.A.,8114000008,(-) DESPESAS DE DEPÓSITOS JUDICIAIS E ADMINISTRATIVOS MANTIDOS NA INSTITUIÇÃO,-71295604.55,202502BANCOS.CSV,20978,0bb9539164f50976d5f4396d1ed586b2cbe2d7b0a75d18a1f7a278444787340d,BCB balancete doc. 4010
202502,28127603,BCO BANESTES S.A.,9090900001,DEPÓSITOS JUDICIAIS E ADMINISTRATIVOS REPASSADOS A MUNICÍPIOS,477569416.65,202502BANCOS.CSV,21051,0bb9539164f50976d5f4396d1ed586b2cbe2d7b0a75d18a1f7a278444787340d,BCB balancete doc. 4010
202502,61186680,BCO BMG S.A.,1899800001,(-) PROVISÃO PARA PERDAS DE CRÉDITO EM RESTITUIÇÃO DE DEPÓSITOS JUDICIAIS E ADMINISTRATIVOS,-533649.66,202502BANCOS.CSV,42192,0bb9539164f50976d5f4396d1ed586b2cbe2d7b0a75d18a1f7a278444787340d,BCB balancete doc. 4010
202502,60746948,BCO BRADESCO S.A.,4155000009,DEPÓSITOS JUDICIAIS E ADMINISTRATIVOS MANTIDOS NA INSTITUIÇÃO,262210160.28,202502BANCOS.CSV,38895,0bb9539164f50976d5f4396d1ed586b2cbe2d7b0a75d18a1f7a278444787340d,BCB balancete doc. 4010
202502,60746948,BCO BRADESCO S.A.,8114000008,(-) DESPESAS DE DEPÓSITOS JUDICIAIS E ADMINISTRATIVOS MANTIDOS NA INSTITUIÇÃO,-3253337.93,202502BANCOS.CSV,39094,0bb9539164f50976d5f4396d1ed586b2cbe2d7b0a75d18a1f7a278444787340d,BCB balancete doc. 4010
202502,04902979,BCO DA AMAZONIA S.A.,4155000009,DEPÓSITOS JUDICIAIS E ADMINISTRATIVOS MANTIDOS NA INSTITUIÇÃO,79582616.19,202502BANCOS.CSV,9506,0bb9539164f50976d5f4396d1ed586b2cbe2d7b0a75d18a1f7a278444787340d,BCB balancete doc. 4010
202502,04902979,BCO DA AMAZONIA S.A.,8114000008,(-) DESPESAS DE DEPÓSITOS JUDICIAIS E ADMINISTRATIVOS MANTIDOS NA INSTITUIÇÃO,-979967.25,202502BANCOS.CSV,9628,0bb9539164f50976d5f4396d1ed586b2cbe2d7b0a75d18a1f7a278444787340d,BCB balancete doc. 4010
202502,00000000,BCO DO BRASIL S.A.,4155000009,DEPÓSITOS JUDICIAIS E ADMINISTRATIVOS MANTIDOS NA INSTITUIÇÃO,247469928052.21,202502BANCOS.CSV,275,0bb9539164f50976d5f4396d1ed586b2cbe2d7b0a75d18a1f7a278444787340d,BCB balancete doc. 4010
202502,00000000,BCO DO BRASIL S.A.,8114000008,(-) DESPESAS DE DEPÓSITOS JUDICIAIS E ADMINISTRATIVOS MANTIDOS NA INSTITUIÇÃO,-4198377871.07,202502BANCOS.CSV,480,0bb9539164f50976d5f4396d1ed586b2cbe2d7b0a75d18a1f7a278444787340d,BCB balancete doc. 4010
202502,00000000,BCO DO BRASIL S.A.,9090800008,DEPÓSITOS JUDICIAIS E ADMINISTRATIVOS REPASSADOS A ESTADOS E DISTRITO FEDERAL,59441555381.91,202502BANCOS.CSV,587,0bb9539164f50976d5f4396d1ed586b2cbe2d7b0a75d18a1f7a278444787340d,BCB balancete doc. 4010
202502,00000000,BCO DO BRASIL S.A.,9090900001,DEPÓSITOS JUDICIAIS E ADMINISTRATIVOS REPASSADOS A MUNICÍPIOS,22297391452.15,202502BANCOS.CSV,588,0bb9539164f50976d5f4396d1ed586b2cbe2d7b0a75d18a1f7a278444787340d,BCB balancete doc. 4010
202502,13009717,BCO DO EST. DE SE S.A.,1899800001,(-) PROVISÃO PARA PERDAS DE CRÉDITO EM RESTITUIÇÃO DE DEPÓSITOS JUDICIAIS E ADMINISTRATIVOS,-24476.7,202502BANCOS.CSV,15977,0bb9539164f50976d5f4396d1ed586b2cbe2d7b0a75d18a1f7a278444787340d,BCB balancete doc. 4010
202502,13009717,BCO DO EST. DE SE S.A.,4155000009,DEPÓSITOS JUDICIAIS E ADMINISTRATIVOS MANTIDOS NA INSTITUIÇÃO,1906379618.86,202502BANCOS.CSV,16095,0bb9539164f50976d5f4396d1ed586b2cbe2d7b0a75d18a1f7a278444787340d,BCB balancete doc. 4010
202502,13009717,BCO DO EST. DE SE S.A.,8114000008,(-) DESPESAS DE DEPÓSITOS JUDICIAIS E ADMINISTRATIVOS MANTIDOS NA INSTITUIÇÃO,-27519310.78,202502BANCOS.CSV,16210,0bb9539164f50976d5f4396d1ed586b2cbe2d7b0a75d18a1f7a278444787340d,BCB balancete doc. 4010
202502,13009717,BCO DO EST. DE SE S.A.,9090800008,DEPÓSITOS JUDICIAIS E ADMINISTRATIVOS REPASSADOS A ESTADOS E DISTRITO FEDERAL,222921620.2,202502BANCOS.CSV,16283,0bb9539164f50976d5f4396d1ed586b2cbe2d7b0a75d18a1f7a278444787340d,BCB balancete doc. 4010
202502,13009717,BCO DO EST. DE SE S.A.,9090900001,DEPÓSITOS JUDICIAIS E ADMINISTRATIVOS REPASSADOS A MUNICÍPIOS,13406813.68,202502BANCOS.CSV,16284,0bb9539164f50976d5f4396d1ed586b2cbe2d7b0a75d18a1f7a278444787340d,BCB balancete doc. 4010
202502,04913711,BCO DO EST. DO PA S.A.,4155000009,DEPÓSITOS JUDICIAIS E ADMINISTRATIVOS MANTIDOS NA INSTITUIÇÃO,517157.21,202502BANCOS.CSV,9897,0bb9539164f50976d5f4396d1ed586b2cbe2d7b0a75d18a1f7a278444787340d,BCB balancete doc. 4010
202502,04913711,BCO DO EST. DO PA S.A.,8114000008,(-) DESPESAS DE DEPÓSITOS JUDICIAIS E ADMINISTRATIVOS MANTIDOS NA INSTITUIÇÃO,-606.44,202502BANCOS.CSV,10019,0bb9539164f50976d5f4396d1ed586b2cbe2d7b0a75d18a1f7a278444787340d,BCB balancete doc. 4010
202502,92702067,BCO DO ESTADO DO RS S.A.,4155000009,DEPÓSITOS JUDICIAIS E ADMINISTRATIVOS MANTIDOS NA INSTITUIÇÃO,8556459390.21,202502BANCOS.CSV,49378,0bb9539164f50976d5f4396d1ed586b2cbe2d7b0a75d18a1f7a278444787340d,BCB balancete doc. 4010
202502,92702067,BCO DO ESTADO DO RS S.A.,8114000008,(-) DESPESAS DE DEPÓSITOS JUDICIAIS E ADMINISTRATIVOS MANTIDOS NA INSTITUIÇÃO,-112900890.81,202502BANCOS.CSV,49545,0bb9539164f50976d5f4396d1ed586b2cbe2d7b0a75d18a1f7a278444787340d,BCB balancete doc. 4010
202502,92702067,BCO DO ESTADO DO RS S.A.,9090800008,DEPÓSITOS JUDICIAIS E ADMINISTRATIVOS REPASSADOS A ESTADOS E DISTRITO FEDERAL,10378683442.94,202502BANCOS.CSV,49629,0bb9539164f50976d5f4396d1ed586b2cbe2d7b0a75d18a1f7a278444787340d,BCB balancete doc. 4010
202502,92702067,BCO DO ESTADO DO RS S.A.,9090900001,DEPÓSITOS JUDICIAIS E ADMINISTRATIVOS REPASSADOS A MUNICÍPIOS,115816752.45,202502BANCOS.CSV,49630,0bb9539164f50976d5f4396d1ed586b2cbe2d7b0a75d18a1f7a278444787340d,BCB balancete doc. 4010
202502,07237373,BCO DO NORDESTE DO BRASIL S.A.,4155000009,DEPÓSITOS JUDICIAIS E ADMINISTRATIVOS MANTIDOS NA INSTITUIÇÃO,204190532.64,202502BANCOS.CSV,11128,0bb9539164f50976d5f4396d1ed586b2cbe2d7b0a75d18a1f7a278444787340d,BCB balancete doc. 4010
202502,07237373,BCO DO NORDESTE DO BRASIL S.A.,8114000008,(-) DESPESAS DE DEPÓSITOS JUDICIAIS E ADMINISTRATIVOS MANTIDOS NA INSTITUIÇÃO,-2411158.74,202502BANCOS.CSV,11276,0bb9539164f50976d5f4396d1ed586b2cbe2d7b0a75d18a1f7a278444787340d,BCB balancete doc. 4010
202502,17184037,BCO MERCANTIL DO BRASIL S.A.,4155000009,DEPÓSITOS JUDICIAIS E ADMINISTRATIVOS MANTIDOS NA INSTITUIÇÃO,814448.19,202502BANCOS.CSV,18567,0bb9539164f50976d5f4396d1ed586b2cbe2d7b0a75d18a1f7a278444787340d,BCB balancete doc. 4010
202502,17184037,BCO MERCANTIL DO BRASIL S.A.,8114000008,(-) DESPESAS DE DEPÓSITOS JUDICIAIS E ADMINISTRATIVOS MANTIDOS NA INSTITUIÇÃO,-2227.76,202502BANCOS.CSV,18693,0bb9539164f50976d5f4396d1ed586b2cbe2d7b0a75d18a1f7a278444787340d,BCB balancete doc. 4010
202502,90400888,BCO SANTANDER (BRASIL) S.A.,4155000009,DEPÓSITOS JUDICIAIS E ADMINISTRATIVOS MANTIDOS NA INSTITUIÇÃO,128907750.58,202502BANCOS.CSV,48491,0bb9539164f50976d5f4396d1ed586b2cbe2d7b0a75d18a1f7a278444787340d,BCB balancete doc. 4010
202502,90400888,BCO SANTANDER (BRASIL) S.A.,8114000008,(-) DESPESAS DE DEPÓSITOS JUDICIAIS E ADMINISTRATIVOS MANTIDOS NA INSTITUIÇÃO,-1629177.45,202502BANCOS.CSV,48696,0bb9539164f50976d5f4396d1ed586b2cbe2d7b0a75d18a1f7a278444787340d,BCB balancete doc. 4010
202502,00000208,BRB - BCO DE BRASILIA S.A.,4155000009,DEPÓSITOS JUDICIAIS E ADMINISTRATIVOS MANTIDOS NA INSTITUIÇÃO,17276582376.32,202502BANCOS.CSV,843,0bb9539164f50976d5f4396d1ed586b2cbe2d7b0a75d18a1f7a278444787340d,BCB balancete doc. 4010
202502,00000208,BRB - BCO DE BRASILIA S.A.,8114000008,(-) DESPESAS DE DEPÓSITOS JUDICIAIS E ADMINISTRATIVOS MANTIDOS NA INSTITUIÇÃO,-201623500.84,202502BANCOS.CSV,973,0bb9539164f50976d5f4396d1ed586b2cbe2d7b0a75d18a1f7a278444787340d,BCB balancete doc. 4010
202502,00000208,BRB - BCO DE BRASILIA S.A.,9090800008,DEPÓSITOS JUDICIAIS E ADMINISTRATIVOS REPASSADOS A ESTADOS E DISTRITO FEDERAL,3585600929.23,202502BANCOS.CSV,1056,0bb9539164f50976d5f4396d1ed586b2cbe2d7b0a75d18a1f7a278444787340d,BCB balancete doc. 4010
202502,00000208,BRB - BCO DE BRASILIA S.A.,9090900001,DEPÓSITOS JUDICIAIS E ADMINISTRATIVOS REPASSADOS A MUNICÍPIOS,1524557755.91,202502BANCOS.CSV,1057,0bb9539164f50976d5f4396d1ed586b2cbe2d7b0a75d18a1f7a278444787340d,BCB balancete doc. 4010
202502,00360305,CAIXA ECONOMICA FEDERAL,4155000009,DEPÓSITOS JUDICIAIS E ADMINISTRATIVOS MANTIDOS NA INSTITUIÇÃO,111375341182.39,202502BANCOS.CSV,1351,0bb9539164f50976d5f4396d1ed586b2cbe2d7b0a75d18a1f7a278444787340d,BCB balancete doc. 4010
202502,00360305,CAIXA ECONOMICA FEDERAL,8114000008,(-) DESPESAS DE DEPÓSITOS JUDICIAIS E ADMINISTRATIVOS MANTIDOS NA INSTITUIÇÃO,-1627874174.88,202502BANCOS.CSV,1538,0bb9539164f50976d5f4396d1ed586b2cbe2d7b0a75d18a1f7a278444787340d,BCB balancete doc. 4010
202502,00360305,CAIXA ECONOMICA FEDERAL,9090700005,DEPÓSITOS JUDICIAIS E ADMINISTRATIVOS REPASSADOS À UNIÃO,355400202579.91,202502BANCOS.CSV,1635,0bb9539164f50976d5f4396d1ed586b2cbe2d7b0a75d18a1f7a278444787340d,BCB balancete doc. 4010
202502,00360305,CAIXA ECONOMICA FEDERAL,9090800008,DEPÓSITOS JUDICIAIS E ADMINISTRATIVOS REPASSADOS A ESTADOS E DISTRITO FEDERAL,5244789448.97,202502BANCOS.CSV,1636,0bb9539164f50976d5f4396d1ed586b2cbe2d7b0a75d18a1f7a278444787340d,BCB balancete doc. 4010
202502,00360305,CAIXA ECONOMICA FEDERAL,9090900001,DEPÓSITOS JUDICIAIS E ADMINISTRATIVOS REPASSADOS A MUNICÍPIOS,952403541.34,202502BANCOS.CSV,1637,0bb9539164f50976d5f4396d1ed586b2cbe2d7b0a75d18a1f7a278444787340d,BCB balancete doc. 4010
202502,60701190,ITAÚ UNIBANCO S.A.,4155000009,DEPÓSITOS JUDICIAIS E ADMINISTRATIVOS MANTIDOS NA INSTITUIÇÃO,18566577.78,202502BANCOS.CSV,38234,0bb9539164f50976d5f4396d1ed586b2cbe2d7b0a75d18a1f7a278444787340d,BCB balancete doc. 4010
202502,60701190,ITAÚ UNIBANCO S.A.,8114000008,(-) DESPESAS DE DEPÓSITOS JUDICIAIS E ADMINISTRATIVOS MANTIDOS NA INSTITUIÇÃO,-229294.3,202502BANCOS.CSV,38445,0bb9539164f50976d5f4396d1ed586b2cbe2d7b0a75d18a1f7a278444787340d,BCB balancete doc. 4010
202503,92894922,BANCO ORIGINAL,1899800001,(-) PROVISÃO PARA PERDAS DE CRÉDITO EM RESTITUIÇÃO DE DEPÓSITOS JUDICIAIS E ADMINISTRATIVOS,-5670.39,202503BANCOS.CSV,50796,489ce381f2313fdda5e849eb05bf362a18ae6cf7698e855a36396c76a3f3e444,BCB balancete doc. 4010
202503,28195667,BCO ABC BRASIL S.A.,4155000009,DEPÓSITOS JUDICIAIS E ADMINISTRATIVOS MANTIDOS NA INSTITUIÇÃO,1595658.11,202503BANCOS.CSV,21821,489ce381f2313fdda5e849eb05bf362a18ae6cf7698e855a36396c76a3f3e444,BCB balancete doc. 4010
202503,28195667,BCO ABC BRASIL S.A.,8114000008,(-) DESPESAS DE DEPÓSITOS JUDICIAIS E ADMINISTRATIVOS MANTIDOS NA INSTITUIÇÃO,-29773.48,202503BANCOS.CSV,21963,489ce381f2313fdda5e849eb05bf362a18ae6cf7698e855a36396c76a3f3e444,BCB balancete doc. 4010
202503,28127603,BCO BANESTES S.A.,4155000009,DEPÓSITOS JUDICIAIS E ADMINISTRATIVOS MANTIDOS NA INSTITUIÇÃO,4088493083.21,202503BANCOS.CSV,21097,489ce381f2313fdda5e849eb05bf362a18ae6cf7698e855a36396c76a3f3e444,BCB balancete doc. 4010
202503,28127603,BCO BANESTES S.A.,8114000008,(-) DESPESAS DE DEPÓSITOS JUDICIAIS E ADMINISTRATIVOS MANTIDOS NA INSTITUIÇÃO,-106422431.23,202503BANCOS.CSV,21229,489ce381f2313fdda5e849eb05bf362a18ae6cf7698e855a36396c76a3f3e444,BCB balancete doc. 4010
202503,28127603,BCO BANESTES S.A.,9090900001,DEPÓSITOS JUDICIAIS E ADMINISTRATIVOS REPASSADOS A MUNICÍPIOS,471988547.73,202503BANCOS.CSV,21302,489ce381f2313fdda5e849eb05bf362a18ae6cf7698e855a36396c76a3f3e444,BCB balancete doc. 4010
202503,61186680,BCO BMG S.A.,1899800001,(-) PROVISÃO PARA PERDAS DE CRÉDITO EM RESTITUIÇÃO DE DEPÓSITOS JUDICIAIS E ADMINISTRATIVOS,-628226.46,202503BANCOS.CSV,42560,489ce381f2313fdda5e849eb05bf362a18ae6cf7698e855a36396c76a3f3e444,BCB balancete doc. 4010
202503,60746948,BCO BRADESCO S.A.,4155000009,DEPÓSITOS JUDICIAIS E ADMINISTRATIVOS MANTIDOS NA INSTITUIÇÃO,260693373.39,202503BANCOS.CSV,39251,489ce381f2313fdda5e849eb05bf362a18ae6cf7698e855a36396c76a3f3e444,BCB balancete doc. 4010
202503,60746948,BCO BRADESCO S.A.,8114000008,(-) DESPESAS DE DEPÓSITOS JUDICIAIS E ADMINISTRATIVOS MANTIDOS NA INSTITUIÇÃO,-4935048.52,202503BANCOS.CSV,39449,489ce381f2313fdda5e849eb05bf362a18ae6cf7698e855a36396c76a3f3e444,BCB balancete doc. 4010
202503,04902979,BCO DA AMAZONIA S.A.,4155000009,DEPÓSITOS JUDICIAIS E ADMINISTRATIVOS MANTIDOS NA INSTITUIÇÃO,80341103.82,202503BANCOS.CSV,9597,489ce381f2313fdda5e849eb05bf362a18ae6cf7698e855a36396c76a3f3e444,BCB balancete doc. 4010
202503,04902979,BCO DA AMAZONIA S.A.,8114000008,(-) DESPESAS DE DEPÓSITOS JUDICIAIS E ADMINISTRATIVOS MANTIDOS NA INSTITUIÇÃO,-1488429.47,202503BANCOS.CSV,9724,489ce381f2313fdda5e849eb05bf362a18ae6cf7698e855a36396c76a3f3e444,BCB balancete doc. 4010
202503,00000000,BCO DO BRASIL S.A.,4155000009,DEPÓSITOS JUDICIAIS E ADMINISTRATIVOS MANTIDOS NA INSTITUIÇÃO,249144889783.3,202503BANCOS.CSV,282,489ce381f2313fdda5e849eb05bf362a18ae6cf7698e855a36396c76a3f3e444,BCB balancete doc. 4010
202503,00000000,BCO DO BRASIL S.A.,8114000008,(-) DESPESAS DE DEPÓSITOS JUDICIAIS E ADMINISTRATIVOS MANTIDOS NA INSTITUIÇÃO,-6250004788.38,202503BANCOS.CSV,487,489ce381f2313fdda5e849eb05bf362a18ae6cf7698e855a36396c76a3f3e444,BCB balancete doc. 4010
202503,00000000,BCO DO BRASIL S.A.,9090800008,DEPÓSITOS JUDICIAIS E ADMINISTRATIVOS REPASSADOS A ESTADOS E DISTRITO FEDERAL,59440246969.33,202503BANCOS.CSV,595,489ce381f2313fdda5e849eb05bf362a18ae6cf7698e855a36396c76a3f3e444,BCB balancete doc. 4010
202503,00000000,BCO DO BRASIL S.A.,9090900001,DEPÓSITOS JUDICIAIS E ADMINISTRATIVOS REPASSADOS A MUNICÍPIOS,22134784244.17,202503BANCOS.CSV,596,489ce381f2313fdda5e849eb05bf362a18ae6cf7698e855a36396c76a3f3e444,BCB balancete doc. 4010
202503,13009717,BCO DO EST. DE SE S.A.,1899800001,(-) PROVISÃO PARA PERDAS DE CRÉDITO EM RESTITUIÇÃO DE DEPÓSITOS JUDICIAIS E ADMINISTRATIVOS,-24533.55,202503BANCOS.CSV,16146,489ce381f2313fdda5e849eb05bf362a18ae6cf7698e855a36396c76a3f3e444,BCB balancete doc. 4010
202503,13009717,BCO DO EST. DE SE S.A.,4155000009,DEPÓSITOS JUDICIAIS E ADMINISTRATIVOS MANTIDOS NA INSTITUIÇÃO,2112997072.88,202503BANCOS.CSV,16267,489ce381f2313fdda5e849eb05bf362a18ae6cf7698e855a36396c76a3f3e444,BCB balancete doc. 4010
202503,13009717,BCO DO EST. DE SE S.A.,8114000008,(-) DESPESAS DE DEPÓSITOS JUDICIAIS E ADMINISTRATIVOS MANTIDOS NA INSTITUIÇÃO,-43223786.95,202503BANCOS.CSV,16384,489ce381f2313fdda5e849eb05bf362a18ae6cf7698e855a36396c76a3f3e444,BCB balancete doc. 4010
202503,13009717,BCO DO EST. DE SE S.A.,9090800008,DEPÓSITOS JUDICIAIS E ADMINISTRATIVOS REPASSADOS A ESTADOS E DISTRITO FEDERAL,221052062.42,202503BANCOS.CSV,16459,489ce381f2313fdda5e849eb05bf362a18ae6cf7698e855a36396c76a3f3e444,BCB balancete doc. 4010
202503,13009717,BCO DO EST. DE SE S.A.,9090900001,DEPÓSITOS JUDICIAIS E ADMINISTRATIVOS REPASSADOS A MUNICÍPIOS,13457507.37,202503BANCOS.CSV,16460,489ce381f2313fdda5e849eb05bf362a18ae6cf7698e855a36396c76a3f3e444,BCB balancete doc. 4010
202503,04913711,BCO DO EST. DO PA S.A.,4155000009,DEPÓSITOS JUDICIAIS E ADMINISTRATIVOS MANTIDOS NA INSTITUIÇÃO,3437324.59,202503BANCOS.CSV,9998,489ce381f2313fdda5e849eb05bf362a18ae6cf7698e855a36396c76a3f3e444,BCB balancete doc. 4010
202503,04913711,BCO DO EST. DO PA S.A.,8114000008,(-) DESPESAS DE DEPÓSITOS JUDICIAIS E ADMINISTRATIVOS MANTIDOS NA INSTITUIÇÃO,-932.1,202503BANCOS.CSV,10117,489ce381f2313fdda5e849eb05bf362a18ae6cf7698e855a36396c76a3f3e444,BCB balancete doc. 4010
202503,92702067,BCO DO ESTADO DO RS S.A.,4155000009,DEPÓSITOS JUDICIAIS E ADMINISTRATIVOS MANTIDOS NA INSTITUIÇÃO,8572402343.92,202503BANCOS.CSV,49831,489ce381f2313fdda5e849eb05bf362a18ae6cf7698e855a36396c76a3f3e444,BCB balancete doc. 4010
202503,92702067,BCO DO ESTADO DO RS S.A.,8114000008,(-) DESPESAS DE DEPÓSITOS JUDICIAIS E ADMINISTRATIVOS MANTIDOS NA INSTITUIÇÃO,-167395652.32,202503BANCOS.CSV,50003,489ce381f2313fdda5e849eb05bf362a18ae6cf7698e855a36396c76a3f3e444,BCB balancete doc. 4010
202503,92702067,BCO DO ESTADO DO RS S.A.,9090800008,DEPÓSITOS JUDICIAIS E ADMINISTRATIVOS REPASSADOS A ESTADOS E DISTRITO FEDERAL,10378683442.94,202503BANCOS.CSV,50086,489ce381f2313fdda5e849eb05bf362a18ae6cf7698e855a36396c76a3f3e444,BCB balancete doc. 4010
202503,92702067,BCO DO ESTADO DO RS S.A.,9090900001,DEPÓSITOS JUDICIAIS E ADMINISTRATIVOS REPASSADOS A MUNICÍPIOS,118141499.71,202503BANCOS.CSV,50087,489ce381f2313fdda5e849eb05bf362a18ae6cf7698e855a36396c76a3f3e444,BCB balancete doc. 4010
202503,07237373,BCO DO NORDESTE DO BRASIL S.A.,4155000009,DEPÓSITOS JUDICIAIS E ADMINISTRATIVOS MANTIDOS NA INSTITUIÇÃO,202612924.67,202503BANCOS.CSV,11229,489ce381f2313fdda5e849eb05bf362a18ae6cf7698e855a36396c76a3f3e444,BCB balancete doc. 4010
202503,07237373,BCO DO NORDESTE DO BRASIL S.A.,8114000008,(-) DESPESAS DE DEPÓSITOS JUDICIAIS E ADMINISTRATIVOS MANTIDOS NA INSTITUIÇÃO,-3690378.99,202503BANCOS.CSV,11383,489ce381f2313fdda5e849eb05bf362a18ae6cf7698e855a36396c76a3f3e444,BCB balancete doc. 4010
202503,17184037,BCO MERCANTIL DO BRASIL S.A.,4155000009,DEPÓSITOS JUDICIAIS E ADMINISTRATIVOS MANTIDOS NA INSTITUIÇÃO,819702.31,202503BANCOS.CSV,18777,489ce381f2313fdda5e849eb05bf362a18ae6cf7698e855a36396c76a3f3e444,BCB balancete doc. 4010
202503,17184037,BCO MERCANTIL DO BRASIL S.A.,8114000008,(-) DESPESAS DE DEPÓSITOS JUDICIAIS E ADMINISTRATIVOS MANTIDOS NA INSTITUIÇÃO,-3638.56,202503BANCOS.CSV,18904,489ce381f2313fdda5e849eb05bf362a18ae6cf7698e855a36396c76a3f3e444,BCB balancete doc. 4010
202503,90400888,BCO SANTANDER (BRASIL) S.A.,4155000009,DEPÓSITOS JUDICIAIS E ADMINISTRATIVOS MANTIDOS NA INSTITUIÇÃO,129647427.96,202503BANCOS.CSV,48934,489ce381f2313fdda5e849eb05bf362a18ae6cf7698e855a36396c76a3f3e444,BCB balancete doc. 4010
202503,90400888,BCO SANTANDER (BRASIL) S.A.,8114000008,(-) DESPESAS DE DEPÓSITOS JUDICIAIS E ADMINISTRATIVOS MANTIDOS NA INSTITUIÇÃO,-2376144.4,202503BANCOS.CSV,49141,489ce381f2313fdda5e849eb05bf362a18ae6cf7698e855a36396c76a3f3e444,BCB balancete doc. 4010
202503,00000208,BRB - BCO DE BRASILIA S.A.,4155000009,DEPÓSITOS JUDICIAIS E ADMINISTRATIVOS MANTIDOS NA INSTITUIÇÃO,17105060027.16,202503BANCOS.CSV,854,489ce381f2313fdda5e849eb05bf362a18ae6cf7698e855a36396c76a3f3e444,BCB balancete doc. 4010
202503,00000208,BRB - BCO DE BRASILIA S.A.,8114000008,(-) DESPESAS DE DEPÓSITOS JUDICIAIS E ADMINISTRATIVOS MANTIDOS NA INSTITUIÇÃO,-303626347.57,202503BANCOS.CSV,985,489ce381f2313fdda5e849eb05bf362a18ae6cf7698e855a36396c76a3f3e444,BCB balancete doc. 4010
202503,00000208,BRB - BCO DE BRASILIA S.A.,9090800008,DEPÓSITOS JUDICIAIS E ADMINISTRATIVOS REPASSADOS A ESTADOS E DISTRITO FEDERAL,3584654694.08,202503BANCOS.CSV,1072,489ce381f2313fdda5e849eb05bf362a18ae6cf7698e855a36396c76a3f3e444,BCB balancete doc. 4010
202503,00000208,BRB - BCO DE BRASILIA S.A.,9090900001,DEPÓSITOS JUDICIAIS E ADMINISTRATIVOS REPASSADOS A MUNICÍPIOS,1524518444.51,202503BANCOS.CSV,1073,489ce381f2313fdda5e849eb05bf362a18ae6cf7698e855a36396c76a3f3e444,BCB balancete doc. 4010
202503,00360305,CAIXA ECONOMICA FEDERAL,4155000009,DEPÓSITOS JUDICIAIS E ADMINISTRATIVOS MANTIDOS NA INSTITUIÇÃO,112250619816.57,202503BANCOS.CSV,1365,489ce381f2313fdda5e849eb05bf362a18ae6cf7698e855a36396c76a3f3e444,BCB balancete doc. 4010
202503,00360305,CAIXA ECONOMICA FEDERAL,8114000008,(-) DESPESAS DE DEPÓSITOS JUDICIAIS E ADMINISTRATIVOS MANTIDOS NA INSTITUIÇÃO,-2397007660.9,202503BANCOS.CSV,1553,489ce381f2313fdda5e849eb05bf362a18ae6cf7698e855a36396c76a3f3e444,BCB balancete doc. 4010
202503,00360305,CAIXA ECONOMICA FEDERAL,9090700005,DEPÓSITOS JUDICIAIS E ADMINISTRATIVOS REPASSADOS À UNIÃO,357529679850.32,202503BANCOS.CSV,1650,489ce381f2313fdda5e849eb05bf362a18ae6cf7698e855a36396c76a3f3e444,BCB balancete doc. 4010
202503,00360305,CAIXA ECONOMICA FEDERAL,9090800008,DEPÓSITOS JUDICIAIS E ADMINISTRATIVOS REPASSADOS A ESTADOS E DISTRITO FEDERAL,5264865981.9,202503BANCOS.CSV,1651,489ce381f2313fdda5e849eb05bf362a18ae6cf7698e855a36396c76a3f3e444,BCB balancete doc. 4010
202503,00360305,CAIXA ECONOMICA FEDERAL,9090900001,DEPÓSITOS JUDICIAIS E ADMINISTRATIVOS REPASSADOS A MUNICÍPIOS,960134286.29,202503BANCOS.CSV,1652,489ce381f2313fdda5e849eb05bf362a18ae6cf7698e855a36396c76a3f3e444,BCB balancete doc. 4010
202503,62331228,DEUTSCHE BANK S.A.BCO ALEMAO,1899800001,(-) PROVISÃO PARA PERDAS DE CRÉDITO EM RESTITUIÇÃO DE DEPÓSITOS JUDICIAIS E ADMINISTRATIVOS,-120.25,202503BANCOS.CSV,45746,489ce381f2313fdda5e849eb05bf362a18ae6cf7698e855a36396c76a3f3e444,BCB balancete doc. 4010
202503,60701190,ITAÚ UNIBANCO S.A.,4155000009,DEPÓSITOS JUDICIAIS E ADMINISTRATIVOS MANTIDOS NA INSTITUIÇÃO,18685671.98,202503BANCOS.CSV,38584,489ce381f2313fdda5e849eb05bf362a18ae6cf7698e855a36396c76a3f3e444,BCB balancete doc. 4010
202503,60701190,ITAÚ UNIBANCO S.A.,8114000008,(-) DESPESAS DE DEPÓSITOS JUDICIAIS E ADMINISTRATIVOS MANTIDOS NA INSTITUIÇÃO,-348388.5,202503BANCOS.CSV,38797,489ce381f2313fdda5e849eb05bf362a18ae6cf7698e855a36396c76a3f3e444,BCB balancete doc. 4010
202504,92894922,BANCO ORIGINAL,1899800001,(-) PROVISÃO PARA PERDAS DE CRÉDITO EM RESTITUIÇÃO DE DEPÓSITOS JUDICIAIS E ADMINISTRATIVOS,-5753.79,202504BANCOS.CSV,51221,a90f3cee41713ec1aa6dde69e9cadb106226ca1aa940d839f73e8dc17fd4d1a1,BCB balancete doc. 4010
202504,28195667,BCO ABC BRASIL S.A.,4155000009,DEPÓSITOS JUDICIAIS E ADMINISTRATIVOS MANTIDOS NA INSTITUIÇÃO,1606075.8,202504BANCOS.CSV,21927,a90f3cee41713ec1aa6dde69e9cadb106226ca1aa940d839f73e8dc17fd4d1a1,BCB balancete doc. 4010
202504,28195667,BCO ABC BRASIL S.A.,8114000008,(-) DESPESAS DE DEPÓSITOS JUDICIAIS E ADMINISTRATIVOS MANTIDOS NA INSTITUIÇÃO,-40191.17,202504BANCOS.CSV,22068,a90f3cee41713ec1aa6dde69e9cadb106226ca1aa940d839f73e8dc17fd4d1a1,BCB balancete doc. 4010
202504,28127603,BCO BANESTES S.A.,4155000009,DEPÓSITOS JUDICIAIS E ADMINISTRATIVOS MANTIDOS NA INSTITUIÇÃO,4202552574.12,202504BANCOS.CSV,21196,a90f3cee41713ec1aa6dde69e9cadb106226ca1aa940d839f73e8dc17fd4d1a1,BCB balancete doc. 4010
202504,28127603,BCO BANESTES S.A.,8114000008,(-) DESPESAS DE DEPÓSITOS JUDICIAIS E ADMINISTRATIVOS MANTIDOS NA INSTITUIÇÃO,-144609396.64,202504BANCOS.CSV,21329,a90f3cee41713ec1aa6dde69e9cadb106226ca1aa940d839f73e8dc17fd4d1a1,BCB balancete doc. 4010
202504,28127603,BCO BANESTES S.A.,9090900001,DEPÓSITOS JUDICIAIS E ADMINISTRATIVOS REPASSADOS A MUNICÍPIOS,474128697.71,202504BANCOS.CSV,21402,a90f3cee41713ec1aa6dde69e9cadb106226ca1aa940d839f73e8dc17fd4d1a1,BCB balancete doc. 4010
202504,61186680,BCO BMG S.A.,1899800001,(-) PROVISÃO PARA PERDAS DE CRÉDITO EM RESTITUIÇÃO DE DEPÓSITOS JUDICIAIS E ADMINISTRATIVOS,-631490.27,202504BANCOS.CSV,42956,a90f3cee41713ec1aa6dde69e9cadb106226ca1aa940d839f73e8dc17fd4d1a1,BCB balancete doc. 4010
202504,60746948,BCO BRADESCO S.A.,4155000009,DEPÓSITOS JUDICIAIS E ADMINISTRATIVOS MANTIDOS NA INSTITUIÇÃO,262037281.29,202504BANCOS.CSV,39595,a90f3cee41713ec1aa6dde69e9cadb106226ca1aa940d839f73e8dc17fd4d1a1,BCB balancete doc. 4010
202504,60746948,BCO BRADESCO S.A.,8114000008,(-) DESPESAS DE DEPÓSITOS JUDICIAIS E ADMINISTRATIVOS MANTIDOS NA INSTITUIÇÃO,-6616624.37,202504BANCOS.CSV,39794,a90f3cee41713ec1aa6dde69e9cadb106226ca1aa940d839f73e8dc17fd4d1a1,BCB balancete doc. 4010
202504,04902979,BCO DA AMAZONIA S.A.,4155000009,DEPÓSITOS JUDICIAIS E ADMINISTRATIVOS MANTIDOS NA INSTITUIÇÃO,81264787.3,202504BANCOS.CSV,9624,a90f3cee41713ec1aa6dde69e9cadb106226ca1aa940d839f73e8dc17fd4d1a1,BCB balancete doc. 4010
202504,04902979,BCO DA AMAZONIA S.A.,8114000008,(-) DESPESAS DE DEPÓSITOS JUDICIAIS E ADMINISTRATIVOS MANTIDOS NA INSTITUIÇÃO,-2006002.95,202504BANCOS.CSV,9755,a90f3cee41713ec1aa6dde69e9cadb106226ca1aa940d839f73e8dc17fd4d1a1,BCB balancete doc. 4010
202504,00000000,BCO DO BRASIL S.A.,4155000009,DEPÓSITOS JUDICIAIS E ADMINISTRATIVOS MANTIDOS NA INSTITUIÇÃO,248907191252.0,202504BANCOS.CSV,279,a90f3cee41713ec1aa6dde69e9cadb106226ca1aa940d839f73e8dc17fd4d1a1,BCB balancete doc. 4010
202504,00000000,BCO DO BRASIL S.A.,8114000008,(-) DESPESAS DE DEPÓSITOS JUDICIAIS E ADMINISTRATIVOS MANTIDOS NA INSTITUIÇÃO,-8454294248.37,202504BANCOS.CSV,484,a90f3cee41713ec1aa6dde69e9cadb106226ca1aa940d839f73e8dc17fd4d1a1,BCB balancete doc. 4010
202504,00000000,BCO DO BRASIL S.A.,9090800008,DEPÓSITOS JUDICIAIS E ADMINISTRATIVOS REPASSADOS A ESTADOS E DISTRITO FEDERAL,59200953696.76,202504BANCOS.CSV,592,a90f3cee41713ec1aa6dde69e9cadb106226ca1aa940d839f73e8dc17fd4d1a1,BCB balancete doc. 4010
202504,00000000,BCO DO BRASIL S.A.,9090900001,DEPÓSITOS JUDICIAIS E ADMINISTRATIVOS REPASSADOS A MUNICÍPIOS,22109893131.65,202504BANCOS.CSV,593,a90f3cee41713ec1aa6dde69e9cadb106226ca1aa940d839f73e8dc17fd4d1a1,BCB balancete doc. 4010
202504,13009717,BCO DO EST. DE SE S.A.,1899800001,(-) PROVISÃO PARA PERDAS DE CRÉDITO EM RESTITUIÇÃO DE DEPÓSITOS JUDICIAIS E ADMINISTRATIVOS,-24539.16,202504BANCOS.CSV,16204,a90f3cee41713ec1aa6dde69e9cadb106226ca1aa940d839f73e8dc17fd4d1a1,BCB balancete doc. 4010
202504,13009717,BCO DO EST. DE SE S.A.,4155000009,DEPÓSITOS JUDICIAIS E ADMINISTRATIVOS MANTIDOS NA INSTITUIÇÃO,2168281693.9,202504BANCOS.CSV,16325,a90f3cee41713ec1aa6dde69e9cadb106226ca1aa940d839f73e8dc17fd4d1a1,BCB balancete doc. 4010
202504,13009717,BCO DO EST. DE SE S.A.,8114000008,(-) DESPESAS DE DEPÓSITOS JUDICIAIS E ADMINISTRATIVOS MANTIDOS NA INSTITUIÇÃO,-60141166.59,202504BANCOS.CSV,16443,a90f3cee41713ec1aa6dde69e9cadb106226ca1aa940d839f73e8dc17fd4d1a1,BCB balancete doc. 4010
202504,13009717,BCO DO EST. DE SE S.A.,9090800008,DEPÓSITOS JUDICIAIS E ADMINISTRATIVOS REPASSADOS A ESTADOS E DISTRITO FEDERAL,219485338.18,202504BANCOS.CSV,16518,a90f3cee41713ec1aa6dde69e9cadb106226ca1aa940d839f73e8dc17fd4d1a1,BCB balancete doc. 4010
202504,13009717,BCO DO EST. DE SE S.A.,9090900001,DEPÓSITOS JUDICIAIS E ADMINISTRATIVOS REPASSADOS A MUNICÍPIOS,13522677.4,202504BANCOS.CSV,16519,a90f3cee41713ec1aa6dde69e9cadb106226ca1aa940d839f73e8dc17fd4d1a1,BCB balancete doc. 4010
202504,04913711,BCO DO EST. DO PA S.A.,4155000009,DEPÓSITOS JUDICIAIS E ADMINISTRATIVOS MANTIDOS NA INSTITUIÇÃO,1516214.5,202504BANCOS.CSV,10031,a90f3cee41713ec1aa6dde69e9cadb106226ca1aa940d839f73e8dc17fd4d1a1,BCB balancete doc. 4010
202504,04913711,BCO DO EST. DO PA S.A.,8114000008,(-) DESPESAS DE DEPÓSITOS JUDICIAIS E ADMINISTRATIVOS MANTIDOS NA INSTITUIÇÃO,-1255.95,202504BANCOS.CSV,10150,a90f3cee41713ec1aa6dde69e9cadb106226ca1aa940d839f73e8dc17fd4d1a1,BCB balancete doc. 4010
202504,92702067,BCO DO ESTADO DO RS S.A.,4155000009,DEPÓSITOS JUDICIAIS E ADMINISTRATIVOS MANTIDOS NA INSTITUIÇÃO,8824702089.35,202504BANCOS.CSV,50256,a90f3cee41713ec1aa6dde69e9cadb106226ca1aa940d839f73e8dc17fd4d1a1,BCB balancete doc. 4010
202504,92702067,BCO DO ESTADO DO RS S.A.,8114000008,(-) DESPESAS DE DEPÓSITOS JUDICIAIS E ADMINISTRATIVOS MANTIDOS NA INSTITUIÇÃO,-228231066.8,202504BANCOS.CSV,50427,a90f3cee41713ec1aa6dde69e9cadb106226ca1aa940d839f73e8dc17fd4d1a1,BCB balancete doc. 4010
202504,92702067,BCO DO ESTADO DO RS S.A.,9090800008,DEPÓSITOS JUDICIAIS E ADMINISTRATIVOS REPASSADOS A ESTADOS E DISTRITO FEDERAL,10378683442.94,202504BANCOS.CSV,50508,a90f3cee41713ec1aa6dde69e9cadb106226ca1aa940d839f73e8dc17fd4d1a1,BCB balancete doc. 4010
202504,92702067,BCO DO ESTADO DO RS S.A.,9090900001,DEPÓSITOS JUDICIAIS E ADMINISTRATIVOS REPASSADOS A MUNICÍPIOS,114791666.12,202504BANCOS.CSV,50509,a90f3cee41713ec1aa6dde69e9cadb106226ca1aa940d839f73e8dc17fd4d1a1,BCB balancete doc. 4010
202504,07237373,BCO DO NORDESTE DO BRASIL S.A.,4155000009,DEPÓSITOS JUDICIAIS E ADMINISTRATIVOS MANTIDOS NA INSTITUIÇÃO,203835455.63,202504BANCOS.CSV,11264,a90f3cee41713ec1aa6dde69e9cadb106226ca1aa940d839f73e8dc17fd4d1a1,BCB balancete doc. 4010
202504,07237373,BCO DO NORDESTE DO BRASIL S.A.,8114000008,(-) DESPESAS DE DEPÓSITOS JUDICIAIS E ADMINISTRATIVOS MANTIDOS NA INSTITUIÇÃO,-4946114.74,202504BANCOS.CSV,11418,a90f3cee41713ec1aa6dde69e9cadb106226ca1aa940d839f73e8dc17fd4d1a1,BCB balancete doc. 4010
202504,17184037,BCO MERCANTIL DO BRASIL S.A.,4155000009,DEPÓSITOS JUDICIAIS E ADMINISTRATIVOS MANTIDOS NA INSTITUIÇÃO,825060.24,202504BANCOS.CSV,18855,a90f3cee41713ec1aa6dde69e9cadb106226ca1aa940d839f73e8dc17fd4d1a1,BCB balancete doc. 4010
202504,17184037,BCO MERCANTIL DO BRASIL S.A.,8114000008,(-) DESPESAS DE DEPÓSITOS JUDICIAIS E ADMINISTRATIVOS MANTIDOS NA INSTITUIÇÃO,-4926.83,202504BANCOS.CSV,18982,a90f3cee41713ec1aa6dde69e9cadb106226ca1aa940d839f73e8dc17fd4d1a1,BCB balancete doc. 4010
202504,90400888,BCO SANTANDER (BRASIL) S.A.,4155000009,DEPÓSITOS JUDICIAIS E ADMINISTRATIVOS MANTIDOS NA INSTITUIÇÃO,130521772.97,202504BANCOS.CSV,49367,a90f3cee41713ec1aa6dde69e9cadb106226ca1aa940d839f73e8dc17fd4d1a1,BCB balancete doc. 4010
202504,90400888,BCO SANTANDER (BRASIL) S.A.,8114000008,(-) DESPESAS DE DEPÓSITOS JUDICIAIS E ADMINISTRATIVOS MANTIDOS NA INSTITUIÇÃO,-3250489.41,202504BANCOS.CSV,49575,a90f3cee41713ec1aa6dde69e9cadb106226ca1aa940d839f73e8dc17fd4d1a1,BCB balancete doc. 4010
202504,00000208,BRB - BCO DE BRASILIA S.A.,4155000009,DEPÓSITOS JUDICIAIS E ADMINISTRATIVOS MANTIDOS NA INSTITUIÇÃO,19372214668.16,202504BANCOS.CSV,852,a90f3cee41713ec1aa6dde69e9cadb106226ca1aa940d839f73e8dc17fd4d1a1,BCB balancete doc. 4010
202504,00000208,BRB - BCO DE BRASILIA S.A.,8114000008,(-) DESPESAS DE DEPÓSITOS JUDICIAIS E ADMINISTRATIVOS MANTIDOS NA INSTITUIÇÃO,-429114535.2,202504BANCOS.CSV,981,a90f3cee41713ec1aa6dde69e9cadb106226ca1aa940d839f73e8dc17fd4d1a1,BCB balancete doc. 4010
202504,00000208,BRB - BCO DE BRASILIA S.A.,9090800008,DEPÓSITOS JUDICIAIS E ADMINISTRATIVOS REPASSADOS A ESTADOS E DISTRITO FEDERAL,4242459993.31,202504BANCOS.CSV,1068,a90f3cee41713ec1aa6dde69e9cadb106226ca1aa940d839f73e8dc17fd4d1a1,BCB balancete doc. 4010
202504,00000208,BRB - BCO DE BRASILIA S.A.,9090900001,DEPÓSITOS JUDICIAIS E ADMINISTRATIVOS REPASSADOS A MUNICÍPIOS,1524363308.11,202504BANCOS.CSV,1069,a90f3cee41713ec1aa6dde69e9cadb106226ca1aa940d839f73e8dc17fd4d1a1,BCB balancete doc. 4010
202504,00360305,CAIXA ECONOMICA FEDERAL,4155000009,DEPÓSITOS JUDICIAIS E ADMINISTRATIVOS MANTIDOS NA INSTITUIÇÃO,113932130355.71,202504BANCOS.CSV,1359,a90f3cee41713ec1aa6dde69e9cadb106226ca1aa940d839f73e8dc17fd4d1a1,BCB balancete doc. 4010
202504,00360305,CAIXA ECONOMICA FEDERAL,8114000008,(-) DESPESAS DE DEPÓSITOS JUDICIAIS E ADMINISTRATIVOS MANTIDOS NA INSTITUIÇÃO,-3217974918.38,202504BANCOS.CSV,1548,a90f3cee41713ec1aa6dde69e9cadb106226ca1aa940d839f73e8dc17fd4d1a1,BCB balancete doc. 4010
202504,00360305,CAIXA ECONOMICA FEDERAL,9090700005,DEPÓSITOS JUDICIAIS E ADMINISTRATIVOS REPASSADOS À UNIÃO,359316109316.97,202504BANCOS.CSV,1646,a90f3cee41713ec1aa6dde69e9cadb106226ca1aa940d839f73e8dc17fd4d1a1,BCB balancete doc. 4010
202504,00360305,CAIXA ECONOMICA FEDERAL,9090800008,DEPÓSITOS JUDICIAIS E ADMINISTRATIVOS REPASSADOS A ESTADOS E DISTRITO FEDERAL,5277237277.04,202504BANCOS.CSV,1647,a90f3cee41713ec1aa6dde69e9cadb106226ca1aa940d839f73e8dc17fd4d1a1,BCB balancete doc. 4010
202504,00360305,CAIXA ECONOMICA FEDERAL,9090900001,DEPÓSITOS JUDICIAIS E ADMINISTRATIVOS REPASSADOS A MUNICÍPIOS,977803094.58,202504BANCOS.CSV,1648,a90f3cee41713ec1aa6dde69e9cadb106226ca1aa940d839f73e8dc17fd4d1a1,BCB balancete doc. 4010
202504,62331228,DEUTSCHE BANK S.A.BCO ALEMAO,1899800001,(-) PROVISÃO PARA PERDAS DE CRÉDITO EM RESTITUIÇÃO DE DEPÓSITOS JUDICIAIS E ADMINISTRATIVOS,-124.07,202504BANCOS.CSV,46164,a90f3cee41713ec1aa6dde69e9cadb106226ca1aa940d839f73e8dc17fd4d1a1,BCB balancete doc. 4010
202504,60701190,ITAÚ UNIBANCO S.A.,4155000009,DEPÓSITOS JUDICIAIS E ADMINISTRATIVOS MANTIDOS NA INSTITUIÇÃO,18876041.69,202504BANCOS.CSV,38920,a90f3cee41713ec1aa6dde69e9cadb106226ca1aa940d839f73e8dc17fd4d1a1,BCB balancete doc. 4010
202504,60701190,ITAÚ UNIBANCO S.A.,8114000008,(-) DESPESAS DE DEPÓSITOS JUDICIAIS E ADMINISTRATIVOS MANTIDOS NA INSTITUIÇÃO,-469459.44,202504BANCOS.CSV,39138,a90f3cee41713ec1aa6dde69e9cadb106226ca1aa940d839f73e8dc17fd4d1a1,BCB balancete doc. 4010
202505,92894922,BANCO ORIGINAL,1899800001,(-) PROVISÃO PARA PERDAS DE CRÉDITO EM RESTITUIÇÃO DE DEPÓSITOS JUDICIAIS E ADMINISTRATIVOS,-5518.76,202505BANCOS.CSV,51420,ddff153357d66cad7f1fe2292b1c2bf3ce6e5330b12b37242b7ef3c5ecee9494,BCB balancete doc. 4010
202505,28195667,BCO ABC BRASIL S.A.,4155000009,DEPÓSITOS JUDICIAIS E ADMINISTRATIVOS MANTIDOS NA INSTITUIÇÃO,1616987.52,202505BANCOS.CSV,21990,ddff153357d66cad7f1fe2292b1c2bf3ce6e5330b12b37242b7ef3c5ecee9494,BCB balancete doc. 4010
202505,28195667,BCO ABC BRASIL S.A.,8114000008,(-) DESPESAS DE DEPÓSITOS JUDICIAIS E ADMINISTRATIVOS MANTIDOS NA INSTITUIÇÃO,-51102.89,202505BANCOS.CSV,22132,ddff153357d66cad7f1fe2292b1c2bf3ce6e5330b12b37242b7ef3c5ecee9494,BCB balancete doc. 4010
202505,28127603,BCO BANESTES S.A.,4155000009,DEPÓSITOS JUDICIAIS E ADMINISTRATIVOS MANTIDOS NA INSTITUIÇÃO,4264217941.23,202505BANCOS.CSV,21251,ddff153357d66cad7f1fe2292b1c2bf3ce6e5330b12b37242b7ef3c5ecee9494,BCB balancete doc. 4010
202505,28127603,BCO BANESTES S.A.,8114000008,(-) DESPESAS DE DEPÓSITOS JUDICIAIS E ADMINISTRATIVOS MANTIDOS NA INSTITUIÇÃO,-185768926.19,202505BANCOS.CSV,21384,ddff153357d66cad7f1fe2292b1c2bf3ce6e5330b12b37242b7ef3c5ecee9494,BCB balancete doc. 4010
202505,28127603,BCO BANESTES S.A.,9090900001,DEPÓSITOS JUDICIAIS E ADMINISTRATIVOS REPASSADOS A MUNICÍPIOS,476418001.79,202505BANCOS.CSV,21457,ddff153357d66cad7f1fe2292b1c2bf3ce6e5330b12b37242b7ef3c5ecee9494,BCB balancete doc. 4010
202505,61186680,BCO BMG S.A.,1899800001,(-) PROVISÃO PARA PERDAS DE CRÉDITO EM RESTITUIÇÃO DE DEPÓSITOS JUDICIAIS E ADMINISTRATIVOS,-1417187.09,202505BANCOS.CSV,43139,ddff153357d66cad7f1fe2292b1c2bf3ce6e5330b12b37242b7ef3c5ecee9494,BCB balancete doc. 4010
202505,01522368,BCO BNP PARIBAS BRASIL S A,1899800001,(-) PROVISÃO PARA PERDAS DE CRÉDITO EM RESTITUIÇÃO DE DEPÓSITOS JUDICIAIS E ADMINISTRATIVOS,-218251.32,202505BANCOS.CSV,4212,ddff153357d66cad7f1fe2292b1c2bf3ce6e5330b12b37242b7ef3c5ecee9494,BCB balancete doc. 4010
202505,60746948,BCO BRADESCO S.A.,4155000009,DEPÓSITOS JUDICIAIS E ADMINISTRATIVOS MANTIDOS NA INSTITUIÇÃO,263644500.08,202505BANCOS.CSV,39775,ddff153357d66cad7f1fe2292b1c2bf3ce6e5330b12b37242b7ef3c5ecee9494,BCB balancete doc. 4010
202505,60746948,BCO BRADESCO S.A.,8114000008,(-) DESPESAS DE DEPÓSITOS JUDICIAIS E ADMINISTRATIVOS MANTIDOS NA INSTITUIÇÃO,-8385559.52,202505BANCOS.CSV,39977,ddff153357d66cad7f1fe2292b1c2bf3ce6e5330b12b37242b7ef3c5ecee9494,BCB balancete doc. 4010
202505,04902979,BCO DA AMAZONIA S.A.,4155000009,DEPÓSITOS JUDICIAIS E ADMINISTRATIVOS MANTIDOS NA INSTITUIÇÃO,83578038.9,202505BANCOS.CSV,9629,ddff153357d66cad7f1fe2292b1c2bf3ce6e5330b12b37242b7ef3c5ecee9494,BCB balancete doc. 4010
202505,04902979,BCO DA AMAZONIA S.A.,8114000008,(-) DESPESAS DE DEPÓSITOS JUDICIAIS E ADMINISTRATIVOS MANTIDOS NA INSTITUIÇÃO,-2538432.53,202505BANCOS.CSV,9764,ddff153357d66cad7f1fe2292b1c2bf3ce6e5330b12b37242b7ef3c5ecee9494,BCB balancete doc. 4010
202505,00000000,BCO DO BRASIL S.A.,4155000009,DEPÓSITOS JUDICIAIS E ADMINISTRATIVOS MANTIDOS NA INSTITUIÇÃO,249498596636.62,202505BANCOS.CSV,280,ddff153357d66cad7f1fe2292b1c2bf3ce6e5330b12b37242b7ef3c5ecee9494,BCB balancete doc. 4010
202505,00000000,BCO DO BRASIL S.A.,8114000008,(-) DESPESAS DE DEPÓSITOS JUDICIAIS E ADMINISTRATIVOS MANTIDOS NA INSTITUIÇÃO,-10709709951.65,202505BANCOS.CSV,485,ddff153357d66cad7f1fe2292b1c2bf3ce6e5330b12b37242b7ef3c5ecee9494,BCB balancete doc. 4010
202505,00000000,BCO DO BRASIL S.A.,9090800008,DEPÓSITOS JUDICIAIS E ADMINISTRATIVOS REPASSADOS A ESTADOS E DISTRITO FEDERAL,59704174496.86,202505BANCOS.CSV,595,ddff153357d66cad7f1fe2292b1c2bf3ce6e5330b12b37242b7ef3c5ecee9494,BCB balancete doc. 4010
202505,00000000,BCO DO BRASIL S.A.,9090900001,DEPÓSITOS JUDICIAIS E ADMINISTRATIVOS REPASSADOS A MUNICÍPIOS,22214449864.44,202505BANCOS.CSV,596,ddff153357d66cad7f1fe2292b1c2bf3ce6e5330b12b37242b7ef3c5ecee9494,BCB balancete doc. 4010
202505,13009717,BCO DO EST. DE SE S.A.,1899800001,(-) PROVISÃO PARA PERDAS DE CRÉDITO EM RESTITUIÇÃO DE DEPÓSITOS JUDICIAIS E ADMINISTRATIVOS,-24894.37,202505BANCOS.CSV,16263,ddff153357d66cad7f1fe2292b1c2bf3ce6e5330b12b37242b7ef3c5ecee9494,BCB balancete doc. 4010
202505,13009717,BCO DO EST. DE SE S.A.,4155000009,DEPÓSITOS JUDICIAIS E ADMINISTRATIVOS MANTIDOS NA INSTITUIÇÃO,2186291070.85,202505BANCOS.CSV,16384,ddff153357d66cad7f1fe2292b1c2bf3ce6e5330b12b37242b7ef3c5ecee9494,BCB balancete doc. 4010
202505,13009717,BCO DO EST. DE SE S.A.,8114000008,(-) DESPESAS DE DEPÓSITOS JUDICIAIS E ADMINISTRATIVOS MANTIDOS NA INSTITUIÇÃO,-77249755.86,202505BANCOS.CSV,16502,ddff153357d66cad7f1fe2292b1c2bf3ce6e5330b12b37242b7ef3c5ecee9494,BCB balancete doc. 4010
202505,13009717,BCO DO EST. DE SE S.A.,9090800008,DEPÓSITOS JUDICIAIS E ADMINISTRATIVOS REPASSADOS A ESTADOS E DISTRITO FEDERAL,217417644.63,202505BANCOS.CSV,16577,ddff153357d66cad7f1fe2292b1c2bf3ce6e5330b12b37242b7ef3c5ecee9494,BCB balancete doc. 4010
202505,13009717,BCO DO EST. DE SE S.A.,9090900001,DEPÓSITOS JUDICIAIS E ADMINISTRATIVOS REPASSADOS A MUNICÍPIOS,13509307.08,202505BANCOS.CSV,16578,ddff153357d66cad7f1fe2292b1c2bf3ce6e5330b12b37242b7ef3c5ecee9494,BCB balancete doc. 4010
202505,04913711,BCO DO EST. DO PA S.A.,4155000009,DEPÓSITOS JUDICIAIS E ADMINISTRATIVOS MANTIDOS NA INSTITUIÇÃO,615285.01,202505BANCOS.CSV,10051,ddff153357d66cad7f1fe2292b1c2bf3ce6e5330b12b37242b7ef3c5ecee9494,BCB balancete doc. 4010
202505,04913711,BCO DO EST. DO PA S.A.,8114000008,(-) DESPESAS DE DEPÓSITOS JUDICIAIS E ADMINISTRATIVOS MANTIDOS NA INSTITUIÇÃO,-1587.46,202505BANCOS.CSV,10175,ddff153357d66cad7f1fe2292b1c2bf3ce6e5330b12b37242b7ef3c5ecee9494,BCB balancete doc. 4010
202505,92702067,BCO DO ESTADO DO RS S.A.,4155000009,DEPÓSITOS JUDICIAIS E ADMINISTRATIVOS MANTIDOS NA INSTITUIÇÃO,9003935688.93,202505BANCOS.CSV,50450,ddff153357d66cad7f1fe2292b1c2bf3ce6e5330b12b37242b7ef3c5ecee9494,BCB balancete doc. 4010
202505,92702067,BCO DO ESTADO DO RS S.A.,8114000008,(-) DESPESAS DE DEPÓSITOS JUDICIAIS E ADMINISTRATIVOS MANTIDOS NA INSTITUIÇÃO,-291876167.89,202505BANCOS.CSV,50619,ddff153357d66cad7f1fe2292b1c2bf3ce6e5330b12b37242b7ef3c5ecee9494,BCB balancete doc. 4010
202505,92702067,BCO DO ESTADO DO RS S.A.,9090800008,DEPÓSITOS JUDICIAIS E ADMINISTRATIVOS REPASSADOS A ESTADOS E DISTRITO FEDERAL,10378683442.94,202505BANCOS.CSV,50703,ddff153357d66cad7f1fe2292b1c2bf3ce6e5330b12b37242b7ef3c5ecee9494,BCB balancete doc. 4010
202505,92702067,BCO DO ESTADO DO RS S.A.,9090900001,DEPÓSITOS JUDICIAIS E ADMINISTRATIVOS REPASSADOS A MUNICÍPIOS,114444812.34,202505BANCOS.CSV,50704,ddff153357d66cad7f1fe2292b1c2bf3ce6e5330b12b37242b7ef3c5ecee9494,BCB balancete doc. 4010
202505,07237373,BCO DO NORDESTE DO BRASIL S.A.,4155000009,DEPÓSITOS JUDICIAIS E ADMINISTRATIVOS MANTIDOS NA INSTITUIÇÃO,204369419.52,202505BANCOS.CSV,11296,ddff153357d66cad7f1fe2292b1c2bf3ce6e5330b12b37242b7ef3c5ecee9494,BCB balancete doc. 4010
202505,07237373,BCO DO NORDESTE DO BRASIL S.A.,8114000008,(-) DESPESAS DE DEPÓSITOS JUDICIAIS E ADMINISTRATIVOS MANTIDOS NA INSTITUIÇÃO,-6264348.83,202505BANCOS.CSV,11449,ddff153357d66cad7f1fe2292b1c2bf3ce6e5330b12b37242b7ef3c5ecee9494,BCB balancete doc. 4010
202505,17184037,BCO MERCANTIL DO BRASIL S.A.,4155000009,DEPÓSITOS JUDICIAIS E ADMINISTRATIVOS MANTIDOS NA INSTITUIÇÃO,830739.07,202505BANCOS.CSV,18918,ddff153357d66cad7f1fe2292b1c2bf3ce6e5330b12b37242b7ef3c5ecee9494,BCB balancete doc. 4010
202505,17184037,BCO MERCANTIL DO BRASIL S.A.,8114000008,(-) DESPESAS DE DEPÓSITOS JUDICIAIS E ADMINISTRATIVOS MANTIDOS NA INSTITUIÇÃO,-6358.55,202505BANCOS.CSV,19046,ddff153357d66cad7f1fe2292b1c2bf3ce6e5330b12b37242b7ef3c5ecee9494,BCB balancete doc. 4010
202505,90400888,BCO SANTANDER (BRASIL) S.A.,4155000009,DEPÓSITOS JUDICIAIS E ADMINISTRATIVOS MANTIDOS NA INSTITUIÇÃO,131262686.73,202505BANCOS.CSV,49556,ddff153357d66cad7f1fe2292b1c2bf3ce6e5330b12b37242b7ef3c5ecee9494,BCB balancete doc. 4010
202505,90400888,BCO SANTANDER (BRASIL) S.A.,8114000008,(-) DESPESAS DE DEPÓSITOS JUDICIAIS E ADMINISTRATIVOS MANTIDOS NA INSTITUIÇÃO,-4100216.87,202505BANCOS.CSV,49767,ddff153357d66cad7f1fe2292b1c2bf3ce6e5330b12b37242b7ef3c5ecee9494,BCB balancete doc. 4010
202505,00000208,BRB - BCO DE BRASILIA S.A.,4155000009,DEPÓSITOS JUDICIAIS E ADMINISTRATIVOS MANTIDOS NA INSTITUIÇÃO,19434929679.21,202505BANCOS.CSV,855,ddff153357d66cad7f1fe2292b1c2bf3ce6e5330b12b37242b7ef3c5ecee9494,BCB balancete doc. 4010
202505,00000208,BRB - BCO DE BRASILIA S.A.,8114000008,(-) DESPESAS DE DEPÓSITOS JUDICIAIS E ADMINISTRATIVOS MANTIDOS NA INSTITUIÇÃO,-552233694.18,202505BANCOS.CSV,984,ddff153357d66cad7f1fe2292b1c2bf3ce6e5330b12b37242b7ef3c5ecee9494,BCB balancete doc. 4010
202505,00000208,BRB - BCO DE BRASILIA S.A.,9090800008,DEPÓSITOS JUDICIAIS E ADMINISTRATIVOS REPASSADOS A ESTADOS E DISTRITO FEDERAL,4223983725.91,202505BANCOS.CSV,1072,ddff153357d66cad7f1fe2292b1c2bf3ce6e5330b12b37242b7ef3c5ecee9494,BCB balancete doc. 4010
202505,00000208,BRB - BCO DE BRASILIA S.A.,9090900001,DEPÓSITOS JUDICIAIS E ADMINISTRATIVOS REPASSADOS A MUNICÍPIOS,1525229659.13,202505BANCOS.CSV,1073,ddff153357d66cad7f1fe2292b1c2bf3ce6e5330b12b37242b7ef3c5ecee9494,BCB balancete doc. 4010
202505,00360305,CAIXA ECONOMICA FEDERAL,4155000009,DEPÓSITOS JUDICIAIS E ADMINISTRATIVOS MANTIDOS NA INSTITUIÇÃO,111896915127.27,202505BANCOS.CSV,1366,ddff153357d66cad7f1fe2292b1c2bf3ce6e5330b12b37242b7ef3c5ecee9494,BCB balancete doc. 4010
202505,00360305,CAIXA ECONOMICA FEDERAL,8114000008,(-) DESPESAS DE DEPÓSITOS JUDICIAIS E ADMINISTRATIVOS MANTIDOS NA INSTITUIÇÃO,-4062925795.21,202505BANCOS.CSV,1561,ddff153357d66cad7f1fe2292b1c2bf3ce6e5330b12b37242b7ef3c5ecee9494,BCB balancete doc. 4010
202505,00360305,CAIXA ECONOMICA FEDERAL,9090700005,DEPÓSITOS JUDICIAIS E ADMINISTRATIVOS REPASSADOS À UNIÃO,362774118723.68,202505BANCOS.CSV,1660,ddff153357d66cad7f1fe2292b1c2bf3ce6e5330b12b37242b7ef3c5ecee9494,BCB balancete doc. 4010
202505,00360305,CAIXA ECONOMICA FEDERAL,9090800008,DEPÓSITOS JUDICIAIS E ADMINISTRATIVOS REPASSADOS A ESTADOS E DISTRITO FEDERAL,5299355794.61,202505BANCOS.CSV,1661,ddff153357d66cad7f1fe2292b1c2bf3ce6e5330b12b37242b7ef3c5ecee9494,BCB balancete doc. 4010
202505,00360305,CAIXA ECONOMICA FEDERAL,9090900001,DEPÓSITOS JUDICIAIS E ADMINISTRATIVOS REPASSADOS A MUNICÍPIOS,989708629.54,202505BANCOS.CSV,1662,ddff153357d66cad7f1fe2292b1c2bf3ce6e5330b12b37242b7ef3c5ecee9494,BCB balancete doc. 4010
202505,62331228,DEUTSCHE BANK S.A.BCO ALEMAO,1899800001,(-) PROVISÃO PARA PERDAS DE CRÉDITO EM RESTITUIÇÃO DE DEPÓSITOS JUDICIAIS E ADMINISTRATIVOS,-135.28,202505BANCOS.CSV,46354,ddff153357d66cad7f1fe2292b1c2bf3ce6e5330b12b37242b7ef3c5ecee9494,BCB balancete doc. 4010
202505,60701190,ITAÚ UNIBANCO S.A.,4155000009,DEPÓSITOS JUDICIAIS E ADMINISTRATIVOS MANTIDOS NA INSTITUIÇÃO,19084096.99,202505BANCOS.CSV,39098,ddff153357d66cad7f1fe2292b1c2bf3ce6e5330b12b37242b7ef3c5ecee9494,BCB balancete doc. 4010
202505,60701190,ITAÚ UNIBANCO S.A.,8114000008,(-) DESPESAS DE DEPÓSITOS JUDICIAIS E ADMINISTRATIVOS MANTIDOS NA INSTITUIÇÃO,-593495.6,202505BANCOS.CSV,39315,ddff153357d66cad7f1fe2292b1c2bf3ce6e5330b12b37242b7ef3c5ecee9494,BCB balancete doc. 4010
202506,92894922,BANCO ORIGINAL,1899800001,(-) PROVISÃO PARA PERDAS DE CRÉDITO EM RESTITUIÇÃO DE DEPÓSITOS JUDICIAIS E ADMINISTRATIVOS,-5558.52,202506BANCOS.CSV,51825,8e19913e741e6805e716b312f57ec772dc822b58f624b08f5423aa992e5c2614,BCB balancete doc. 4010
202506,28195667,BCO ABC BRASIL S.A.,4155000009,DEPÓSITOS JUDICIAIS E ADMINISTRATIVOS MANTIDOS NA INSTITUIÇÃO,1627868.1,202506BANCOS.CSV,22186,8e19913e741e6805e716b312f57ec772dc822b58f624b08f5423aa992e5c2614,BCB balancete doc. 4010
202506,28195667,BCO ABC BRASIL S.A.,8114000008,(-) DESPESAS DE DEPÓSITOS JUDICIAIS E ADMINISTRATIVOS MANTIDOS NA INSTITUIÇÃO,-61983.47,202506BANCOS.CSV,22327,8e19913e741e6805e716b312f57ec772dc822b58f624b08f5423aa992e5c2614,BCB balancete doc. 4010
202506,28127603,BCO BANESTES S.A.,4155000009,DEPÓSITOS JUDICIAIS E ADMINISTRATIVOS MANTIDOS NA INSTITUIÇÃO,4271844616.67,202506BANCOS.CSV,21447,8e19913e741e6805e716b312f57ec772dc822b58f624b08f5423aa992e5c2614,BCB balancete doc. 4010
202506,28127603,BCO BANESTES S.A.,8114000008,(-) DESPESAS DE DEPÓSITOS JUDICIAIS E ADMINISTRATIVOS MANTIDOS NA INSTITUIÇÃO,-226388773.19,202506BANCOS.CSV,21577,8e19913e741e6805e716b312f57ec772dc822b58f624b08f5423aa992e5c2614,BCB balancete doc. 4010
202506,28127603,BCO BANESTES S.A.,9090900001,DEPÓSITOS JUDICIAIS E ADMINISTRATIVOS REPASSADOS A MUNICÍPIOS,478632940.14,202506BANCOS.CSV,21650,8e19913e741e6805e716b312f57ec772dc822b58f624b08f5423aa992e5c2614,BCB balancete doc. 4010
202506,61186680,BCO BMG S.A.,1899800001,(-) PROVISÃO PARA PERDAS DE CRÉDITO EM RESTITUIÇÃO DE DEPÓSITOS JUDICIAIS E ADMINISTRATIVOS,-1897498.19,202506BANCOS.CSV,43523,8e19913e741e6805e716b312f57ec772dc822b58f624b08f5423aa992e5c2614,BCB balancete doc. 4010
202506,01522368,BCO BNP PARIBAS BRASIL S A,1899800001,(-) PROVISÃO PARA PERDAS DE CRÉDITO EM RESTITUIÇÃO DE DEPÓSITOS JUDICIAIS E ADMINISTRATIVOS,-216040.42,202506BANCOS.CSV,4249,8e19913e741e6805e716b312f57ec772dc822b58f624b08f5423aa992e5c2614,BCB balancete doc. 4010
202506,60746948,BCO BRADESCO S.A.,4155000009,DEPÓSITOS JUDICIAIS E ADMINISTRATIVOS MANTIDOS NA INSTITUIÇÃO,265356793.83,202506BANCOS.CSV,40137,8e19913e741e6805e716b312f57ec772dc822b58f624b08f5423aa992e5c2614,BCB balancete doc. 4010
202506,60746948,BCO BRADESCO S.A.,8114000008,(-) DESPESAS DE DEPÓSITOS JUDICIAIS E ADMINISTRATIVOS MANTIDOS NA INSTITUIÇÃO,-10131117.44,202506BANCOS.CSV,40337,8e19913e741e6805e716b312f57ec772dc822b58f624b08f5423aa992e5c2614,BCB balancete doc. 4010
202506,04902979,BCO DA AMAZONIA S.A.,4155000009,DEPÓSITOS JUDICIAIS E ADMINISTRATIVOS MANTIDOS NA INSTITUIÇÃO,83504378.17,202506BANCOS.CSV,9701,8e19913e741e6805e716b312f57ec772dc822b58f624b08f5423aa992e5c2614,BCB balancete doc. 4010
202506,04902979,BCO DA AMAZONIA S.A.,8114000008,(-) DESPESAS DE DEPÓSITOS JUDICIAIS E ADMINISTRATIVOS MANTIDOS NA INSTITUIÇÃO,-3100827.78,202506BANCOS.CSV,9836,8e19913e741e6805e716b312f57ec772dc822b58f624b08f5423aa992e5c2614,BCB balancete doc. 4010
202506,00000000,BCO DO BRASIL S.A.,4155000009,DEPÓSITOS JUDICIAIS E ADMINISTRATIVOS MANTIDOS NA INSTITUIÇÃO,250813853245.81,202506BANCOS.CSV,286,8e19913e741e6805e716b312f57ec772dc822b58f624b08f5423aa992e5c2614,BCB balancete doc. 4010
202506,00000000,BCO DO BRASIL S.A.,8114000008,(-) DESPESAS DE DEPÓSITOS JUDICIAIS E ADMINISTRATIVOS MANTIDOS NA INSTITUIÇÃO,-12958888454.28,202506BANCOS.CSV,491,8e19913e741e6805e716b312f57ec772dc822b58f624b08f5423aa992e5c2614,BCB balancete doc. 4010
202506,00000000,BCO DO BRASIL S.A.,9090800008,DEPÓSITOS JUDICIAIS E ADMINISTRATIVOS REPASSADOS A ESTADOS E DISTRITO FEDERAL,60392497968.18,202506BANCOS.CSV,600,8e19913e741e6805e716b312f57ec772dc822b58f624b08f5423aa992e5c2614,BCB balancete doc. 4010
202506,00000000,BCO DO BRASIL S.A.,9090900001,DEPÓSITOS JUDICIAIS E ADMINISTRATIVOS REPASSADOS A MUNICÍPIOS,22367588734.19,202506BANCOS.CSV,601,8e19913e741e6805e716b312f57ec772dc822b58f624b08f5423aa992e5c2614,BCB balancete doc. 4010
202506,13009717,BCO DO EST. DE SE S.A.,1899800001,(-) PROVISÃO PARA PERDAS DE CRÉDITO EM RESTITUIÇÃO DE DEPÓSITOS JUDICIAIS E ADMINISTRATIVOS,-24794.27,202506BANCOS.CSV,16397,8e19913e741e6805e716b312f57ec772dc822b58f624b08f5423aa992e5c2614,BCB balancete doc. 4010
202506,13009717,BCO DO EST. DE SE S.A.,4155000009,DEPÓSITOS JUDICIAIS E ADMINISTRATIVOS MANTIDOS NA INSTITUIÇÃO,2194143602.68,202506BANCOS.CSV,16517,8e19913e741e6805e716b312f57ec772dc822b58f624b08f5423aa992e5c2614,BCB balancete doc. 4010
202506,13009717,BCO DO EST. DE SE S.A.,8114000008,(-) DESPESAS DE DEPÓSITOS JUDICIAIS E ADMINISTRATIVOS MANTIDOS NA INSTITUIÇÃO,-95444239.42,202506BANCOS.CSV,16633,8e19913e741e6805e716b312f57ec772dc822b58f624b08f5423aa992e5c2614,BCB balancete doc. 4010
202506,13009717,BCO DO EST. DE SE S.A.,9090800008,DEPÓSITOS JUDICIAIS E ADMINISTRATIVOS REPASSADOS A ESTADOS E DISTRITO FEDERAL,215548030.41,202506BANCOS.CSV,16707,8e19913e741e6805e716b312f57ec772dc822b58f624b08f5423aa992e5c2614,BCB balancete doc. 4010
202506,13009717,BCO DO EST. DE SE S.A.,9090900001,DEPÓSITOS JUDICIAIS E ADMINISTRATIVOS REPASSADOS A MUNICÍPIOS,13558538.98,202506BANCOS.CSV,16708,8e19913e741e6805e716b312f57ec772dc822b58f624b08f5423aa992e5c2614,BCB balancete doc. 4010
202506,04913711,BCO DO EST. DO PA S.A.,4155000009,DEPÓSITOS JUDICIAIS E ADMINISTRATIVOS MANTIDOS NA INSTITUIÇÃO,625895.18,202506BANCOS.CSV,10132,8e19913e741e6805e716b312f57ec772dc822b58f624b08f5423aa992e5c2614,BCB balancete doc. 4010
202506,04913711,BCO DO EST. DO PA S.A.,8114000008,(-) DESPESAS DE DEPÓSITOS JUDICIAIS E ADMINISTRATIVOS MANTIDOS NA INSTITUIÇÃO,-1927.62,202506BANCOS.CSV,10254,8e19913e741e6805e716b312f57ec772dc822b58f624b08f5423aa992e5c2614,BCB balancete doc. 4010
202506,92702067,BCO DO ESTADO DO RS S.A.,4155000009,DEPÓSITOS JUDICIAIS E ADMINISTRATIVOS MANTIDOS NA INSTITUIÇÃO,9852809238.98,202506BANCOS.CSV,50843,8e19913e741e6805e716b312f57ec772dc822b58f624b08f5423aa992e5c2614,BCB balancete doc. 4010
202506,92702067,BCO DO ESTADO DO RS S.A.,8114000008,(-) DESPESAS DE DEPÓSITOS JUDICIAIS E ADMINISTRATIVOS MANTIDOS NA INSTITUIÇÃO,-355431722.19,202506BANCOS.CSV,51014,8e19913e741e6805e716b312f57ec772dc822b58f624b08f5423aa992e5c2614,BCB balancete doc. 4010
202506,92702067,BCO DO ESTADO DO RS S.A.,9090800008,DEPÓSITOS JUDICIAIS E ADMINISTRATIVOS REPASSADOS A ESTADOS E DISTRITO FEDERAL,10378683442.94,202506BANCOS.CSV,51097,8e19913e741e6805e716b312f57ec772dc822b58f624b08f5423aa992e5c2614,BCB balancete doc. 4010
202506,92702067,BCO DO ESTADO DO RS S.A.,9090900001,DEPÓSITOS JUDICIAIS E ADMINISTRATIVOS REPASSADOS A MUNICÍPIOS,114116701.72,202506BANCOS.CSV,51098,8e19913e741e6805e716b312f57ec772dc822b58f624b08f5423aa992e5c2614,BCB balancete doc. 4010
202506,07237373,BCO DO NORDESTE DO BRASIL S.A.,4155000009,DEPÓSITOS JUDICIAIS E ADMINISTRATIVOS MANTIDOS NA INSTITUIÇÃO,204790628.85,202506BANCOS.CSV,11386,8e19913e741e6805e716b312f57ec772dc822b58f624b08f5423aa992e5c2614,BCB balancete doc. 4010
202506,07237373,BCO DO NORDESTE DO BRASIL S.A.,8114000008,(-) DESPESAS DE DEPÓSITOS JUDICIAIS E ADMINISTRATIVOS MANTIDOS NA INSTITUIÇÃO,-7560732.51,202506BANCOS.CSV,11540,8e19913e741e6805e716b312f57ec772dc822b58f624b08f5423aa992e5c2614,BCB balancete doc. 4010
202506,17184037,BCO MERCANTIL DO BRASIL S.A.,4155000009,DEPÓSITOS JUDICIAIS E ADMINISTRATIVOS MANTIDOS NA INSTITUIÇÃO,836180.36,202506BANCOS.CSV,19109,8e19913e741e6805e716b312f57ec772dc822b58f624b08f5423aa992e5c2614,BCB balancete doc. 4010
202506,17184037,BCO MERCANTIL DO BRASIL S.A.,8114000008,(-) DESPESAS DE DEPÓSITOS JUDICIAIS E ADMINISTRATIVOS MANTIDOS NA INSTITUIÇÃO,-7669.82,202506BANCOS.CSV,19236,8e19913e741e6805e716b312f57ec772dc822b58f624b08f5423aa992e5c2614,BCB balancete doc. 4010
202506,90400888,BCO SANTANDER (BRASIL) S.A.,4155000009,DEPÓSITOS JUDICIAIS E ADMINISTRATIVOS MANTIDOS NA INSTITUIÇÃO,132087926.62,202506BANCOS.CSV,49953,8e19913e741e6805e716b312f57ec772dc822b58f624b08f5423aa992e5c2614,BCB balancete doc. 4010
202506,90400888,BCO SANTANDER (BRASIL) S.A.,8114000008,(-) DESPESAS DE DEPÓSITOS JUDICIAIS E ADMINISTRATIVOS MANTIDOS NA INSTITUIÇÃO,-4991975.28,202506BANCOS.CSV,50162,8e19913e741e6805e716b312f57ec772dc822b58f624b08f5423aa992e5c2614,BCB balancete doc. 4010
202506,00000208,BRB - BCO DE BRASILIA S.A.,4155000009,DEPÓSITOS JUDICIAIS E ADMINISTRATIVOS MANTIDOS NA INSTITUIÇÃO,19428865497.06,202506BANCOS.CSV,860,8e19913e741e6805e716b312f57ec772dc822b58f624b08f5423aa992e5c2614,BCB balancete doc. 4010
202506,00000208,BRB - BCO DE BRASILIA S.A.,8114000008,(-) DESPESAS DE DEPÓSITOS JUDICIAIS E ADMINISTRATIVOS MANTIDOS NA INSTITUIÇÃO,-672788309.78,202506BANCOS.CSV,990,8e19913e741e6805e716b312f57ec772dc822b58f624b08f5423aa992e5c2614,BCB balancete doc. 4010
202506,00000208,BRB - BCO DE BRASILIA S.A.,9090800008,DEPÓSITOS JUDICIAIS E ADMINISTRATIVOS REPASSADOS A ESTADOS E DISTRITO FEDERAL,4498816647.28,202506BANCOS.CSV,1079,8e19913e741e6805e716b312f57ec772dc822b58f624b08f5423aa992e5c2614,BCB balancete doc. 4010
202506,00000208,BRB - BCO DE BRASILIA S.A.,9090900001,DEPÓSITOS JUDICIAIS E ADMINISTRATIVOS REPASSADOS A MUNICÍPIOS,1674684479.47,202506BANCOS.CSV,1080,8e19913e741e6805e716b312f57ec772dc822b58f624b08f5423aa992e5c2614,BCB balancete doc. 4010
202506,00360305,CAIXA ECONOMICA FEDERAL,4155000009,DEPÓSITOS JUDICIAIS E ADMINISTRATIVOS MANTIDOS NA INSTITUIÇÃO,112396834271.15,202506BANCOS.CSV,1372,8e19913e741e6805e716b312f57ec772dc822b58f624b08f5423aa992e5c2614,BCB balancete doc. 4010
202506,00360305,CAIXA ECONOMICA FEDERAL,8114000008,(-) DESPESAS DE DEPÓSITOS JUDICIAIS E ADMINISTRATIVOS MANTIDOS NA INSTITUIÇÃO,-4970975298.19,202506BANCOS.CSV,1567,8e19913e741e6805e716b312f57ec772dc822b58f624b08f5423aa992e5c2614,BCB balancete doc. 4010
202506,00360305,CAIXA ECONOMICA FEDERAL,9090700005,DEPÓSITOS JUDICIAIS E ADMINISTRATIVOS REPASSADOS À UNIÃO,366398848668.05,202506BANCOS.CSV,1666,8e19913e741e6805e716b312f57ec772dc822b58f624b08f5423aa992e5c2614,BCB balancete doc. 4010
202506,00360305,CAIXA ECONOMICA FEDERAL,9090800008,DEPÓSITOS JUDICIAIS E ADMINISTRATIVOS REPASSADOS A ESTADOS E DISTRITO FEDERAL,5313685593.39,202506BANCOS.CSV,1667,8e19913e741e6805e716b312f57ec772dc822b58f624b08f5423aa992e5c2614,BCB balancete doc. 4010
202506,00360305,CAIXA ECONOMICA FEDERAL,9090900001,DEPÓSITOS JUDICIAIS E ADMINISTRATIVOS REPASSADOS A MUNICÍPIOS,1043286424.82,202506BANCOS.CSV,1668,8e19913e741e6805e716b312f57ec772dc822b58f624b08f5423aa992e5c2614,BCB balancete doc. 4010
202506,62331228,DEUTSCHE BANK S.A.BCO ALEMAO,1899800001,(-) PROVISÃO PARA PERDAS DE CRÉDITO EM RESTITUIÇÃO DE DEPÓSITOS JUDICIAIS E ADMINISTRATIVOS,-96.13,202506BANCOS.CSV,46737,8e19913e741e6805e716b312f57ec772dc822b58f624b08f5423aa992e5c2614,BCB balancete doc. 4010
202506,60701190,ITAÚ UNIBANCO S.A.,4155000009,DEPÓSITOS JUDICIAIS E ADMINISTRATIVOS MANTIDOS NA INSTITUIÇÃO,19212498.2,202506BANCOS.CSV,39458,8e19913e741e6805e716b312f57ec772dc822b58f624b08f5423aa992e5c2614,BCB balancete doc. 4010
202506,60701190,ITAÚ UNIBANCO S.A.,8114000008,(-) DESPESAS DE DEPÓSITOS JUDICIAIS E ADMINISTRATIVOS MANTIDOS NA INSTITUIÇÃO,-721896.81,202506BANCOS.CSV,39676,8e19913e741e6805e716b312f57ec772dc822b58f624b08f5423aa992e5c2614,BCB balancete doc. 4010
202507,50585090,BANCO BMG CONSIGNADO S.A.,1899800001,(-) PROVISÃO PARA PERDAS DE CRÉDITO EM RESTITUIÇÃO DE DEPÓSITOS JUDICIAIS E ADMINISTRATIVOS,-104810.21,202507BANCOS.CSV,32151,d6c4b063a940d729600d3d71fe4be502e63543fc798195102c2de8ec23350106,BCB balancete doc. 4010
202507,62421979,BANCO BMG SOLUÇÕES FINANCEIRAS S.A.,1899800001,(-) PROVISÃO PARA PERDAS DE CRÉDITO EM RESTITUIÇÃO DE DEPÓSITOS JUDICIAIS E ADMINISTRATIVOS,-1875434.1,202507BANCOS.CSV,45277,d6c4b063a940d729600d3d71fe4be502e63543fc798195102c2de8ec23350106,BCB balancete doc. 4010
202507,92894922,BANCO ORIGINAL,1899800001,(-) PROVISÃO PARA PERDAS DE CRÉDITO EM RESTITUIÇÃO DE DEPÓSITOS JUDICIAIS E ADMINISTRATIVOS,-5407.37,202507BANCOS.CSV,49938,d6c4b063a940d729600d3d71fe4be502e63543fc798195102c2de8ec23350106,BCB balancete doc. 4010
202507,28195667,BCO ABC BRASIL S.A.,4155000009,DEPÓSITOS JUDICIAIS E ADMINISTRATIVOS MANTIDOS NA INSTITUIÇÃO,1639237.67,202507BANCOS.CSV,21490,d6c4b063a940d729600d3d71fe4be502e63543fc798195102c2de8ec23350106,BCB balancete doc. 4010
202507,28195667,BCO ABC BRASIL S.A.,8114000008,(-) DESPESAS DE DEPÓSITOS JUDICIAIS E ADMINISTRATIVOS MANTIDOS NA INSTITUIÇÃO,-11369.57,202507BANCOS.CSV,21628,d6c4b063a940d729600d3d71fe4be502e63543fc798195102c2de8ec23350106,BCB balancete doc. 4010
202507,28127603,BCO BANESTES S.A.,4155000009,DEPÓSITOS JUDICIAIS E ADMINISTRATIVOS MANTIDOS NA INSTITUIÇÃO,4372013190.45,202507BANCOS.CSV,20773,d6c4b063a940d729600d3d71fe4be502e63543fc798195102c2de8ec23350106,BCB balancete doc. 4010
202507,28127603,BCO BANESTES S.A.,8114000008,(-) DESPESAS DE DEPÓSITOS JUDICIAIS E ADMINISTRATIVOS MANTIDOS NA INSTITUIÇÃO,-45638083.85,202507BANCOS.CSV,20905,d6c4b063a940d729600d3d71fe4be502e63543fc798195102c2de8ec23350106,BCB balancete doc. 4010
202507,28127603,BCO BANESTES S.A.,9090900001,DEPÓSITOS JUDICIAIS E ADMINISTRATIVOS REPASSADOS A MUNICÍPIOS,479267286.98,202507BANCOS.CSV,20977,d6c4b063a940d729600d3d71fe4be502e63543fc798195102c2de8ec23350106,BCB balancete doc. 4010
202507,61186680,BCO BMG S.A.,1899800001,(-) PROVISÃO PARA PERDAS DE CRÉDITO EM RESTITUIÇÃO DE DEPÓSITOS JUDICIAIS E ADMINISTRATIVOS,-898519.74,202507BANCOS.CSV,41798,d6c4b063a940d729600d3d71fe4be502e63543fc798195102c2de8ec23350106,BCB balancete doc. 4010
202507,01522368,BCO BNP PARIBAS BRASIL S A,1899800001,(-) PROVISÃO PARA PERDAS DE CRÉDITO EM RESTITUIÇÃO DE DEPÓSITOS JUDICIAIS E ADMINISTRATIVOS,-215550.81,202507BANCOS.CSV,4161,d6c4b063a940d729600d3d71fe4be502e63543fc798195102c2de8ec23350106,BCB balancete doc. 4010
202507,60746948,BCO BRADESCO S.A.,4155000009,DEPÓSITOS JUDICIAIS E ADMINISTRATIVOS MANTIDOS NA INSTITUIÇÃO,267112863.78,202507BANCOS.CSV,38529,d6c4b063a940d729600d3d71fe4be502e63543fc798195102c2de8ec23350106,BCB balancete doc. 4010
202507,60746948,BCO BRADESCO S.A.,8114000008,(-) DESPESAS DE DEPÓSITOS JUDICIAIS E ADMINISTRATIVOS MANTIDOS NA INSTITUIÇÃO,-1854202.82,202507BANCOS.CSV,38731,d6c4b063a940d729600d3d71fe4be502e63543fc798195102c2de8ec23350106,BCB balancete doc. 4010
202507,04902979,BCO DA AMAZONIA S.A.,4155000009,DEPÓSITOS JUDICIAIS E ADMINISTRATIVOS MANTIDOS NA INSTITUIÇÃO,84523823.17,202507BANCOS.CSV,9428,d6c4b063a940d729600d3d71fe4be502e63543fc798195102c2de8ec23350106,BCB balancete doc. 4010
202507,04902979,BCO DA AMAZONIA S.A.,8114000008,(-) DESPESAS DE DEPÓSITOS JUDICIAIS E ADMINISTRATIVOS MANTIDOS NA INSTITUIÇÃO,-575014.88,202507BANCOS.CSV,9563,d6c4b063a940d729600d3d71fe4be502e63543fc798195102c2de8ec23350106,BCB balancete doc. 4010
202507,00000000,BCO DO BRASIL S.A.,4155000009,DEPÓSITOS JUDICIAIS E ADMINISTRATIVOS MANTIDOS NA INSTITUIÇÃO,276612003926.3,202507BANCOS.CSV,287,d6c4b063a940d729600d3d71fe4be502e63543fc798195102c2de8ec23350106,BCB balancete doc. 4010
202507,00000000,BCO DO BRASIL S.A.,8114000008,(-) DESPESAS DE DEPÓSITOS JUDICIAIS E ADMINISTRATIVOS MANTIDOS NA INSTITUIÇÃO,-2371262463.45,202507BANCOS.CSV,489,d6c4b063a940d729600d3d71fe4be502e63543fc798195102c2de8ec23350106,BCB balancete doc. 4010
202507,00000000,BCO DO BRASIL S.A.,9090800008,DEPÓSITOS JUDICIAIS E ADMINISTRATIVOS REPASSADOS A ESTADOS E DISTRITO FEDERAL,60567501608.04,202507BANCOS.CSV,598,d6c4b063a940d729600d3d71fe4be502e63543fc798195102c2de8ec23350106,BCB balancete doc. 4010
202507,00000000,BCO DO BRASIL S.A.,9090900001,DEPÓSITOS JUDICIAIS E ADMINISTRATIVOS REPASSADOS A MUNICÍPIOS,21980870084.03,202507BANCOS.CSV,599,d6c4b063a940d729600d3d71fe4be502e63543fc798195102c2de8ec23350106,BCB balancete doc. 4010
202507,13009717,BCO DO EST. DE SE S.A.,1899800001,(-) PROVISÃO PARA PERDAS DE CRÉDITO EM RESTITUIÇÃO DE DEPÓSITOS JUDICIAIS E ADMINISTRATIVOS,-24870.66,202507BANCOS.CSV,15908,d6c4b063a940d729600d3d71fe4be502e63543fc798195102c2de8ec23350106,BCB balancete doc. 4010
202507,13009717,BCO DO EST. DE SE S.A.,4155000009,DEPÓSITOS JUDICIAIS E ADMINISTRATIVOS MANTIDOS NA INSTITUIÇÃO,2238337861.44,202507BANCOS.CSV,16026,d6c4b063a940d729600d3d71fe4be502e63543fc798195102c2de8ec23350106,BCB balancete doc. 4010
202507,13009717,BCO DO EST. DE SE S.A.,8114000008,(-) DESPESAS DE DEPÓSITOS JUDICIAIS E ADMINISTRATIVOS MANTIDOS NA INSTITUIÇÃO,-18561477.2,202507BANCOS.CSV,16137,d6c4b063a940d729600d3d71fe4be502e63543fc798195102c2de8ec23350106,BCB balancete doc. 4010
202507,13009717,BCO DO EST. DE SE S.A.,9090800008,DEPÓSITOS JUDICIAIS E ADMINISTRATIVOS REPASSADOS A ESTADOS E DISTRITO FEDERAL,213452772.11,202507BANCOS.CSV,16210,d6c4b063a940d729600d3d71fe4be502e63543fc798195102c2de8ec23350106,BCB balancete doc. 4010
202507,13009717,BCO DO EST. DE SE S.A.,9090900001,DEPÓSITOS JUDICIAIS E ADMINISTRATIVOS REPASSADOS A MUNICÍPIOS,13621421.63,202507BANCOS.CSV,16211,d6c4b063a940d729600d3d71fe4be502e63543fc798195102c2de8ec23350106,BCB balancete doc. 4010
202507,04913711,BCO DO EST. DO PA S.A.,4155000009,DEPÓSITOS JUDICIAIS E ADMINISTRATIVOS MANTIDOS NA INSTITUIÇÃO,1706811.98,202507BANCOS.CSV,9855,d6c4b063a940d729600d3d71fe4be502e63543fc798195102c2de8ec23350106,BCB balancete doc. 4010
202507,04913711,BCO DO EST. DO PA S.A.,8114000008,(-) DESPESAS DE DEPÓSITOS JUDICIAIS E ADMINISTRATIVOS MANTIDOS NA INSTITUIÇÃO,-349.07,202507BANCOS.CSV,9976,d6c4b063a940d729600d3d71fe4be502e63543fc798195102c2de8ec23350106,BCB balancete doc. 4010
202507,92702067,BCO DO ESTADO DO RS S.A.,4155000009,DEPÓSITOS JUDICIAIS E ADMINISTRATIVOS MANTIDOS NA INSTITUIÇÃO,9643508010.8,202507BANCOS.CSV,48993,d6c4b063a940d729600d3d71fe4be502e63543fc798195102c2de8ec23350106,BCB balancete doc. 4010
202507,92702067,BCO DO ESTADO DO RS S.A.,8114000008,(-) DESPESAS DE DEPÓSITOS JUDICIAIS E ADMINISTRATIVOS MANTIDOS NA INSTITUIÇÃO,-75744493.31,202507BANCOS.CSV,49161,d6c4b063a940d729600d3d71fe4be502e63543fc798195102c2de8ec23350106,BCB balancete doc. 4010
202507,92702067,BCO DO ESTADO DO RS S.A.,9090800008,DEPÓSITOS JUDICIAIS E ADMINISTRATIVOS REPASSADOS A ESTADOS E DISTRITO FEDERAL,10378683442.94,202507BANCOS.CSV,49246,d6c4b063a940d729600d3d71fe4be502e63543fc798195102c2de8ec23350106,BCB balancete doc. 4010
202507,92702067,BCO DO ESTADO DO RS S.A.,9090900001,DEPÓSITOS JUDICIAIS E ADMINISTRATIVOS REPASSADOS A MUNICÍPIOS,112915327.25,202507BANCOS.CSV,49247,d6c4b063a940d729600d3d71fe4be502e63543fc798195102c2de8ec23350106,BCB balancete doc. 4010
202507,07237373,BCO DO NORDESTE DO BRASIL S.A.,4155000009,DEPÓSITOS JUDICIAIS E ADMINISTRATIVOS MANTIDOS NA INSTITUIÇÃO,202872024.45,202507BANCOS.CSV,11055,d6c4b063a940d729600d3d71fe4be502e63543fc798195102c2de8ec23350106,BCB balancete doc. 4010
202507,07237373,BCO DO NORDESTE DO BRASIL S.A.,8114000008,(-) DESPESAS DE DEPÓSITOS JUDICIAIS E ADMINISTRATIVOS MANTIDOS NA INSTITUIÇÃO,-1322958.05,202507BANCOS.CSV,11208,d6c4b063a940d729600d3d71fe4be502e63543fc798195102c2de8ec23350106,BCB balancete doc. 4010
202507,17184037,BCO MERCANTIL DO BRASIL S.A.,4155000009,DEPÓSITOS JUDICIAIS E ADMINISTRATIVOS MANTIDOS NA INSTITUIÇÃO,841968.29,202507BANCOS.CSV,18488,d6c4b063a940d729600d3d71fe4be502e63543fc798195102c2de8ec23350106,BCB balancete doc. 4010
202507,17184037,BCO MERCANTIL DO BRASIL S.A.,8114000008,(-) DESPESAS DE DEPÓSITOS JUDICIAIS E ADMINISTRATIVOS MANTIDOS NA INSTITUIÇÃO,-1464.93,202507BANCOS.CSV,18620,d6c4b063a940d729600d3d71fe4be502e63543fc798195102c2de8ec23350106,BCB balancete doc. 4010
202507,90400888,BCO SANTANDER (BRASIL) S.A.,4155000009,DEPÓSITOS JUDICIAIS E ADMINISTRATIVOS MANTIDOS NA INSTITUIÇÃO,132614868.97,202507BANCOS.CSV,48124,d6c4b063a940d729600d3d71fe4be502e63543fc798195102c2de8ec23350106,BCB balancete doc. 4010
202507,90400888,BCO SANTANDER (BRASIL) S.A.,8114000008,(-) DESPESAS DE DEPÓSITOS JUDICIAIS E ADMINISTRATIVOS MANTIDOS NA INSTITUIÇÃO,-892184.92,202507BANCOS.CSV,48335,d6c4b063a940d729600d3d71fe4be502e63543fc798195102c2de8ec23350106,BCB balancete doc. 4010
202507,00000208,BRB - BCO DE BRASILIA S.A.,4155000009,DEPÓSITOS JUDICIAIS E ADMINISTRATIVOS MANTIDOS NA INSTITUIÇÃO,19647324093.13,202507BANCOS.CSV,858,d6c4b063a940d729600d3d71fe4be502e63543fc798195102c2de8ec23350106,BCB balancete doc. 4010
202507,00000208,BRB - BCO DE BRASILIA S.A.,8114000008,(-) DESPESAS DE DEPÓSITOS JUDICIAIS E ADMINISTRATIVOS MANTIDOS NA INSTITUIÇÃO,-132598082.79,202507BANCOS.CSV,982,d6c4b063a940d729600d3d71fe4be502e63543fc798195102c2de8ec23350106,BCB balancete doc. 4010
202507,00000208,BRB - BCO DE BRASILIA S.A.,9090800008,DEPÓSITOS JUDICIAIS E ADMINISTRATIVOS REPASSADOS A ESTADOS E DISTRITO FEDERAL,4662879690.7,202507BANCOS.CSV,1067,d6c4b063a940d729600d3d71fe4be502e63543fc798195102c2de8ec23350106,BCB balancete doc. 4010
202507,00000208,BRB - BCO DE BRASILIA S.A.,9090900001,DEPÓSITOS JUDICIAIS E ADMINISTRATIVOS REPASSADOS A MUNICÍPIOS,1699055858.32,202507BANCOS.CSV,1068,d6c4b063a940d729600d3d71fe4be502e63543fc798195102c2de8ec23350106,BCB balancete doc. 4010
202507,00360305,CAIXA ECONOMICA FEDERAL,4155000009,DEPÓSITOS JUDICIAIS E ADMINISTRATIVOS MANTIDOS NA INSTITUIÇÃO,142938809960.27,202507BANCOS.CSV,1360,d6c4b063a940d729600d3d71fe4be502e63543fc798195102c2de8ec23350106,BCB balancete doc. 4010
202507,00360305,CAIXA ECONOMICA FEDERAL,8114000008,(-) DESPESAS DE DEPÓSITOS JUDICIAIS E ADMINISTRATIVOS MANTIDOS NA INSTITUIÇÃO,-884745274.95,202507BANCOS.CSV,1555,d6c4b063a940d729600d3d71fe4be502e63543fc798195102c2de8ec23350106,BCB balancete doc. 4010
202507,00360305,CAIXA ECONOMICA FEDERAL,9090700005,DEPÓSITOS JUDICIAIS E ADMINISTRATIVOS REPASSADOS À UNIÃO,368923024023.63,202507BANCOS.CSV,1653,d6c4b063a940d729600d3d71fe4be502e63543fc798195102c2de8ec23350106,BCB balancete doc. 4010
202507,00360305,CAIXA ECONOMICA FEDERAL,9090800008,DEPÓSITOS JUDICIAIS E ADMINISTRATIVOS REPASSADOS A ESTADOS E DISTRITO FEDERAL,5302372559.11,202507BANCOS.CSV,1654,d6c4b063a940d729600d3d71fe4be502e63543fc798195102c2de8ec23350106,BCB balancete doc. 4010
202507,00360305,CAIXA ECONOMICA FEDERAL,9090900001,DEPÓSITOS JUDICIAIS E ADMINISTRATIVOS REPASSADOS A MUNICÍPIOS,1085211863.61,202507BANCOS.CSV,1655,d6c4b063a940d729600d3d71fe4be502e63543fc798195102c2de8ec23350106,BCB balancete doc. 4010
202507,62331228,DEUTSCHE BANK S.A.BCO ALEMAO,1899800001,(-) PROVISÃO PARA PERDAS DE CRÉDITO EM RESTITUIÇÃO DE DEPÓSITOS JUDICIAIS E ADMINISTRATIVOS,-96.18,202507BANCOS.CSV,44972,d6c4b063a940d729600d3d71fe4be502e63543fc798195102c2de8ec23350106,BCB balancete doc. 4010
202507,60701190,ITAÚ UNIBANCO S.A.,4155000009,DEPÓSITOS JUDICIAIS E ADMINISTRATIVOS MANTIDOS NA INSTITUIÇÃO,19345301.77,202507BANCOS.CSV,37860,d6c4b063a940d729600d3d71fe4be502e63543fc798195102c2de8ec23350106,BCB balancete doc. 4010
202507,60701190,ITAÚ UNIBANCO S.A.,8114000008,(-) DESPESAS DE DEPÓSITOS JUDICIAIS E ADMINISTRATIVOS MANTIDOS NA INSTITUIÇÃO,-132803.57,202507BANCOS.CSV,38070,d6c4b063a940d729600d3d71fe4be502e63543fc798195102c2de8ec23350106,BCB balancete doc. 4010
202508,92894922,BANCO ORIGINAL,1899800001,(-) PROVISÃO PARA PERDAS DE CRÉDITO EM RESTITUIÇÃO DE DEPÓSITOS JUDICIAIS E ADMINISTRATIVOS,-5314.74,202508BANCOS.CSV,49850,974e094eeafee6cfbc64a00280dfbe95f43c66c0f9ef9e2dc02603f83382e658,BCB balancete doc. 4010
202508,28195667,BCO ABC BRASIL S.A.,4155000009,DEPÓSITOS JUDICIAIS E ADMINISTRATIVOS MANTIDOS NA INSTITUIÇÃO,1650511.99,202508BANCOS.CSV,21576,974e094eeafee6cfbc64a00280dfbe95f43c66c0f9ef9e2dc02603f83382e658,BCB balancete doc. 4010
202508,28195667,BCO ABC BRASIL S.A.,8114000008,(-) DESPESAS DE DEPÓSITOS JUDICIAIS E ADMINISTRATIVOS MANTIDOS NA INSTITUIÇÃO,-22643.89,202508BANCOS.CSV,21711,974e094eeafee6cfbc64a00280dfbe95f43c66c0f9ef9e2dc02603f83382e658,BCB balancete doc. 4010
202508,28127603,BCO BANESTES S.A.,4155000009,DEPÓSITOS JUDICIAIS E ADMINISTRATIVOS MANTIDOS NA INSTITUIÇÃO,4422654987.61,202508BANCOS.CSV,20851,974e094eeafee6cfbc64a00280dfbe95f43c66c0f9ef9e2dc02603f83382e658,BCB balancete doc. 4010
202508,28127603,BCO BANESTES S.A.,8114000008,(-) DESPESAS DE DEPÓSITOS JUDICIAIS E ADMINISTRATIVOS MANTIDOS NA INSTITUIÇÃO,-88514048.67,202508BANCOS.CSV,20984,974e094eeafee6cfbc64a00280dfbe95f43c66c0f9ef9e2dc02603f83382e658,BCB balancete doc. 4010
202508,28127603,BCO BANESTES S.A.,9090900001,DEPÓSITOS JUDICIAIS E ADMINISTRATIVOS REPASSADOS A MUNICÍPIOS,480506866.26,202508BANCOS.CSV,21058,974e094eeafee6cfbc64a00280dfbe95f43c66c0f9ef9e2dc02603f83382e658,BCB balancete doc. 4010
202508,61186680,BCO BMG S.A.,1899800001,(-) PROVISÃO PARA PERDAS DE CRÉDITO EM RESTITUIÇÃO DE DEPÓSITOS JUDICIAIS E ADMINISTRATIVOS,-2980303.47,202508BANCOS.CSV,41700,974e094eeafee6cfbc64a00280dfbe95f43c66c0f9ef9e2dc02603f83382e658,BCB balancete doc. 4010
202508,01522368,BCO BNP PARIBAS BRASIL S A,1899800001,(-) PROVISÃO PARA PERDAS DE CRÉDITO EM RESTITUIÇÃO DE DEPÓSITOS JUDICIAIS E ADMINISTRATIVOS,-216500.96,202508BANCOS.CSV,4182,974e094eeafee6cfbc64a00280dfbe95f43c66c0f9ef9e2dc02603f83382e658,BCB balancete doc. 4010
202508,60746948,BCO BRADESCO S.A.,4155000009,DEPÓSITOS JUDICIAIS E ADMINISTRATIVOS MANTIDOS NA INSTITUIÇÃO,269024882.16,202508BANCOS.CSV,38394,974e094eeafee6cfbc64a00280dfbe95f43c66c0f9ef9e2dc02603f83382e658,BCB balancete doc. 4010
202508,60746948,BCO BRADESCO S.A.,8114000008,(-) DESPESAS DE DEPÓSITOS JUDICIAIS E ADMINISTRATIVOS MANTIDOS NA INSTITUIÇÃO,-3649075.71,202508BANCOS.CSV,38595,974e094eeafee6cfbc64a00280dfbe95f43c66c0f9ef9e2dc02603f83382e658,BCB balancete doc. 4010
202508,04902979,BCO DA AMAZONIA S.A.,4155000009,DEPÓSITOS JUDICIAIS E ADMINISTRATIVOS MANTIDOS NA INSTITUIÇÃO,84198406.02,202508BANCOS.CSV,9520,974e094eeafee6cfbc64a00280dfbe95f43c66c0f9ef9e2dc02603f83382e658,BCB balancete doc. 4010
202508,04902979,BCO DA AMAZONIA S.A.,8114000008,(-) DESPESAS DE DEPÓSITOS JUDICIAIS E ADMINISTRATIVOS MANTIDOS NA INSTITUIÇÃO,-1099796.49,202508BANCOS.CSV,9651,974e094eeafee6cfbc64a00280dfbe95f43c66c0f9ef9e2dc02603f83382e658,BCB balancete doc. 4010
202508,00000000,BCO DO BRASIL S.A.,4155000009,DEPÓSITOS JUDICIAIS E ADMINISTRATIVOS MANTIDOS NA INSTITUIÇÃO,270700069471.95,202508BANCOS.CSV,284,974e094eeafee6cfbc64a00280dfbe95f43c66c0f9ef9e2dc02603f83382e658,BCB balancete doc. 4010
202508,00000000,BCO DO BRASIL S.A.,8114000008,(-) DESPESAS DE DEPÓSITOS JUDICIAIS E ADMINISTRATIVOS MANTIDOS NA INSTITUIÇÃO,-4815796172.74,202508BANCOS.CSV,488,974e094eeafee6cfbc64a00280dfbe95f43c66c0f9ef9e2dc02603f83382e658,BCB balancete doc. 4010
202508,00000000,BCO DO BRASIL S.A.,9090800008,DEPÓSITOS JUDICIAIS E ADMINISTRATIVOS REPASSADOS A ESTADOS E DISTRITO FEDERAL,60907261025.87,202508BANCOS.CSV,598,974e094eeafee6cfbc64a00280dfbe95f43c66c0f9ef9e2dc02603f83382e658,BCB balancete doc. 4010
202508,00000000,BCO DO BRASIL S.A.,9090900001,DEPÓSITOS JUDICIAIS E ADMINISTRATIVOS REPASSADOS A MUNICÍPIOS,22072899383.57,202508BANCOS.CSV,599,974e094eeafee6cfbc64a00280dfbe95f43c66c0f9ef9e2dc02603f83382e658,BCB balancete doc. 4010
202508,13009717,BCO DO EST. DE SE S.A.,1899800001,(-) PROVISÃO PARA PERDAS DE CRÉDITO EM RESTITUIÇÃO DE DEPÓSITOS JUDICIAIS E ADMINISTRATIVOS,-25017.73,202508BANCOS.CSV,15933,974e094eeafee6cfbc64a00280dfbe95f43c66c0f9ef9e2dc02603f83382e658,BCB balancete doc. 4010
202508,13009717,BCO DO EST. DE SE S.A.,4155000009,DEPÓSITOS JUDICIAIS E ADMINISTRATIVOS MANTIDOS NA INSTITUIÇÃO,2257531438.7,202508BANCOS.CSV,16051,974e094eeafee6cfbc64a00280dfbe95f43c66c0f9ef9e2dc02603f83382e658,BCB balancete doc. 4010
202508,13009717,BCO DO EST. DE SE S.A.,8114000008,(-) DESPESAS DE DEPÓSITOS JUDICIAIS E ADMINISTRATIVOS MANTIDOS NA INSTITUIÇÃO,-35789175.48,202508BANCOS.CSV,16162,974e094eeafee6cfbc64a00280dfbe95f43c66c0f9ef9e2dc02603f83382e658,BCB balancete doc. 4010
202508,13009717,BCO DO EST. DE SE S.A.,9090800008,DEPÓSITOS JUDICIAIS E ADMINISTRATIVOS REPASSADOS A ESTADOS E DISTRITO FEDERAL,211297866.14,202508BANCOS.CSV,16235,974e094eeafee6cfbc64a00280dfbe95f43c66c0f9ef9e2dc02603f83382e658,BCB balancete doc. 4010
202508,13009717,BCO DO EST. DE SE S.A.,9090900001,DEPÓSITOS JUDICIAIS E ADMINISTRATIVOS REPASSADOS A MUNICÍPIOS,13685093.06,202508BANCOS.CSV,16236,974e094eeafee6cfbc64a00280dfbe95f43c66c0f9ef9e2dc02603f83382e658,BCB balancete doc. 4010
202508,04913711,BCO DO EST. DO PA S.A.,4155000009,DEPÓSITOS JUDICIAIS E ADMINISTRATIVOS MANTIDOS NA INSTITUIÇÃO,507165.12,202508BANCOS.CSV,9947,974e094eeafee6cfbc64a00280dfbe95f43c66c0f9ef9e2dc02603f83382e658,BCB balancete doc. 4010
202508,04913711,BCO DO EST. DO PA S.A.,8114000008,(-) DESPESAS DE DEPÓSITOS JUDICIAIS E ADMINISTRATIVOS MANTIDOS NA INSTITUIÇÃO,-669.6,202508BANCOS.CSV,10068,974e094eeafee6cfbc64a00280dfbe95f43c66c0f9ef9e2dc02603f83382e658,BCB balancete doc. 4010
202508,92702067,BCO DO ESTADO DO RS S.A.,4155000009,DEPÓSITOS JUDICIAIS E ADMINISTRATIVOS MANTIDOS NA INSTITUIÇÃO,9680585920.12,202508BANCOS.CSV,48909,974e094eeafee6cfbc64a00280dfbe95f43c66c0f9ef9e2dc02603f83382e658,BCB balancete doc. 4010
202508,92702067,BCO DO ESTADO DO RS S.A.,8114000008,(-) DESPESAS DE DEPÓSITOS JUDICIAIS E ADMINISTRATIVOS MANTIDOS NA INSTITUIÇÃO,-145555755.57,202508BANCOS.CSV,49072,974e094eeafee6cfbc64a00280dfbe95f43c66c0f9ef9e2dc02603f83382e658,BCB balancete doc. 4010
202508,92702067,BCO DO ESTADO DO RS S.A.,9090800008,DEPÓSITOS JUDICIAIS E ADMINISTRATIVOS REPASSADOS A ESTADOS E DISTRITO FEDERAL,10378683442.94,202508BANCOS.CSV,49157,974e094eeafee6cfbc64a00280dfbe95f43c66c0f9ef9e2dc02603f83382e658,BCB balancete doc. 4010
202508,92702067,BCO DO ESTADO DO RS S.A.,9090900001,DEPÓSITOS JUDICIAIS E ADMINISTRATIVOS REPASSADOS A MUNICÍPIOS,112597206.69,202508BANCOS.CSV,49158,974e094eeafee6cfbc64a00280dfbe95f43c66c0f9ef9e2dc02603f83382e658,BCB balancete doc. 4010
202508,07237373,BCO DO NORDESTE DO BRASIL S.A.,4155000009,DEPÓSITOS JUDICIAIS E ADMINISTRATIVOS MANTIDOS NA INSTITUIÇÃO,204046852.73,202508BANCOS.CSV,11155,974e094eeafee6cfbc64a00280dfbe95f43c66c0f9ef9e2dc02603f83382e658,BCB balancete doc. 4010
202508,07237373,BCO DO NORDESTE DO BRASIL S.A.,8114000008,(-) DESPESAS DE DEPÓSITOS JUDICIAIS E ADMINISTRATIVOS MANTIDOS NA INSTITUIÇÃO,-2662138.84,202508BANCOS.CSV,11308,974e094eeafee6cfbc64a00280dfbe95f43c66c0f9ef9e2dc02603f83382e658,BCB balancete doc. 4010
202508,17184037,BCO MERCANTIL DO BRASIL S.A.,4155000009,DEPÓSITOS JUDICIAIS E ADMINISTRATIVOS MANTIDOS NA INSTITUIÇÃO,847660.59,202508BANCOS.CSV,18551,974e094eeafee6cfbc64a00280dfbe95f43c66c0f9ef9e2dc02603f83382e658,BCB balancete doc. 4010
202508,17184037,BCO MERCANTIL DO BRASIL S.A.,8114000008,(-) DESPESAS DE DEPÓSITOS JUDICIAIS E ADMINISTRATIVOS MANTIDOS NA INSTITUIÇÃO,-2931.27,202508BANCOS.CSV,18678,974e094eeafee6cfbc64a00280dfbe95f43c66c0f9ef9e2dc02603f83382e658,BCB balancete doc. 4010
202508,90400888,BCO SANTANDER (BRASIL) S.A.,4155000009,DEPÓSITOS JUDICIAIS E ADMINISTRATIVOS MANTIDOS NA INSTITUIÇÃO,133364550.99,202508BANCOS.CSV,48046,974e094eeafee6cfbc64a00280dfbe95f43c66c0f9ef9e2dc02603f83382e658,BCB balancete doc. 4010
202508,90400888,BCO SANTANDER (BRASIL) S.A.,8114000008,(-) DESPESAS DE DEPÓSITOS JUDICIAIS E ADMINISTRATIVOS MANTIDOS NA INSTITUIÇÃO,-1789128.15,202508BANCOS.CSV,48250,974e094eeafee6cfbc64a00280dfbe95f43c66c0f9ef9e2dc02603f83382e658,BCB balancete doc. 4010
202508,00000208,BRB - BCO DE BRASILIA S.A.,4155000009,DEPÓSITOS JUDICIAIS E ADMINISTRATIVOS MANTIDOS NA INSTITUIÇÃO,19783815858.14,202508BANCOS.CSV,858,974e094eeafee6cfbc64a00280dfbe95f43c66c0f9ef9e2dc02603f83382e658,BCB balancete doc. 4010
202508,00000208,BRB - BCO DE BRASILIA S.A.,8114000008,(-) DESPESAS DE DEPÓSITOS JUDICIAIS E ADMINISTRATIVOS MANTIDOS NA INSTITUIÇÃO,-261242166.76,202508BANCOS.CSV,983,974e094eeafee6cfbc64a00280dfbe95f43c66c0f9ef9e2dc02603f83382e658,BCB balancete doc. 4010
202508,00000208,BRB - BCO DE BRASILIA S.A.,9090800008,DEPÓSITOS JUDICIAIS E ADMINISTRATIVOS REPASSADOS A ESTADOS E DISTRITO FEDERAL,4657152239.07,202508BANCOS.CSV,1069,974e094eeafee6cfbc64a00280dfbe95f43c66c0f9ef9e2dc02603f83382e658,BCB balancete doc. 4010
202508,00000208,BRB - BCO DE BRASILIA S.A.,9090900001,DEPÓSITOS JUDICIAIS E ADMINISTRATIVOS REPASSADOS A MUNICÍPIOS,1699139222.92,202508BANCOS.CSV,1070,974e094eeafee6cfbc64a00280dfbe95f43c66c0f9ef9e2dc02603f83382e658,BCB balancete doc. 4010
202508,00360305,CAIXA ECONOMICA FEDERAL,4155000009,DEPÓSITOS JUDICIAIS E ADMINISTRATIVOS MANTIDOS NA INSTITUIÇÃO,130903584143.47,202508BANCOS.CSV,1360,974e094eeafee6cfbc64a00280dfbe95f43c66c0f9ef9e2dc02603f83382e658,BCB balancete doc. 4010
202508,00360305,CAIXA ECONOMICA FEDERAL,8114000008,(-) DESPESAS DE DEPÓSITOS JUDICIAIS E ADMINISTRATIVOS MANTIDOS NA INSTITUIÇÃO,-1890724128.7,202508BANCOS.CSV,1551,974e094eeafee6cfbc64a00280dfbe95f43c66c0f9ef9e2dc02603f83382e658,BCB balancete doc. 4010
202508,00360305,CAIXA ECONOMICA FEDERAL,9090700005,DEPÓSITOS JUDICIAIS E ADMINISTRATIVOS REPASSADOS À UNIÃO,372189407606.63,202508BANCOS.CSV,1650,974e094eeafee6cfbc64a00280dfbe95f43c66c0f9ef9e2dc02603f83382e658,BCB balancete doc. 4010
202508,00360305,CAIXA ECONOMICA FEDERAL,9090800008,DEPÓSITOS JUDICIAIS E ADMINISTRATIVOS REPASSADOS A ESTADOS E DISTRITO FEDERAL,5330411700.28,202508BANCOS.CSV,1651,974e094eeafee6cfbc64a00280dfbe95f43c66c0f9ef9e2dc02603f83382e658,BCB balancete doc. 4010
202508,00360305,CAIXA ECONOMICA FEDERAL,9090900001,DEPÓSITOS JUDICIAIS E ADMINISTRATIVOS REPASSADOS A MUNICÍPIOS,1091730292.06,202508BANCOS.CSV,1652,974e094eeafee6cfbc64a00280dfbe95f43c66c0f9ef9e2dc02603f83382e658,BCB balancete doc. 4010
202508,62331228,DEUTSCHE BANK S.A.BCO ALEMAO,1899800001,(-) PROVISÃO PARA PERDAS DE CRÉDITO EM RESTITUIÇÃO DE DEPÓSITOS JUDICIAIS E ADMINISTRATIVOS,-89.36,202508BANCOS.CSV,44886,974e094eeafee6cfbc64a00280dfbe95f43c66c0f9ef9e2dc02603f83382e658,BCB balancete doc. 4010
202508,60701190,ITAÚ UNIBANCO S.A.,4155000009,DEPÓSITOS JUDICIAIS E ADMINISTRATIVOS MANTIDOS NA INSTITUIÇÃO,19468099.8,202508BANCOS.CSV,37722,974e094eeafee6cfbc64a00280dfbe95f43c66c0f9ef9e2dc02603f83382e658,BCB balancete doc. 4010
202508,60701190,ITAÚ UNIBANCO S.A.,8114000008,(-) DESPESAS DE DEPÓSITOS JUDICIAIS E ADMINISTRATIVOS MANTIDOS NA INSTITUIÇÃO,-255601.6,202508BANCOS.CSV,37931,974e094eeafee6cfbc64a00280dfbe95f43c66c0f9ef9e2dc02603f83382e658,BCB balancete doc. 4010
202509,92894922,BANCO ORIGINAL,1899800001,(-) PROVISÃO PARA PERDAS DE CRÉDITO EM RESTITUIÇÃO DE DEPÓSITOS JUDICIAIS E ADMINISTRATIVOS,-5364.83,202509BANCOS.CSV,50043,ff36100529530c4ced654100cc0cca3806b4b07de8523e1bb7c9dd534f9d0203,BCB balancete doc. 4010
202509,28195667,BCO ABC BRASIL S.A.,4155000009,DEPÓSITOS JUDICIAIS E ADMINISTRATIVOS MANTIDOS NA INSTITUIÇÃO,1661697.8,202509BANCOS.CSV,21794,ff36100529530c4ced654100cc0cca3806b4b07de8523e1bb7c9dd534f9d0203,BCB balancete doc. 4010
202509,28195667,BCO ABC BRASIL S.A.,8114000008,(-) DESPESAS DE DEPÓSITOS JUDICIAIS E ADMINISTRATIVOS MANTIDOS NA INSTITUIÇÃO,-33829.7,202509BANCOS.CSV,21934,ff36100529530c4ced654100cc0cca3806b4b07de8523e1bb7c9dd534f9d0203,BCB balancete doc. 4010
202509,28127603,BCO BANESTES S.A.,4155000009,DEPÓSITOS JUDICIAIS E ADMINISTRATIVOS MANTIDOS NA INSTITUIÇÃO,4443856347.54,202509BANCOS.CSV,21048,ff36100529530c4ced654100cc0cca3806b4b07de8523e1bb7c9dd534f9d0203,BCB balancete doc. 4010
202509,28127603,BCO BANESTES S.A.,8114000008,(-) DESPESAS DE DEPÓSITOS JUDICIAIS E ADMINISTRATIVOS MANTIDOS NA INSTITUIÇÃO,-134440416.19,202509BANCOS.CSV,21183,ff36100529530c4ced654100cc0cca3806b4b07de8523e1bb7c9dd534f9d0203,BCB balancete doc. 4010
202509,28127603,BCO BANESTES S.A.,9090900001,DEPÓSITOS JUDICIAIS E ADMINISTRATIVOS REPASSADOS A MUNICÍPIOS,483059573.4,202509BANCOS.CSV,21258,ff36100529530c4ced654100cc0cca3806b4b07de8523e1bb7c9dd534f9d0203,BCB balancete doc. 4010
202509,61186680,BCO BMG S.A.,1899800001,(-) PROVISÃO PARA PERDAS DE CRÉDITO EM RESTITUIÇÃO DE DEPÓSITOS JUDICIAIS E ADMINISTRATIVOS,-1055713.46,202509BANCOS.CSV,41812,ff36100529530c4ced654100cc0cca3806b4b07de8523e1bb7c9dd534f9d0203,BCB balancete doc. 4010
202509,01522368,BCO BNP PARIBAS BRASIL S A,1899800001,(-) PROVISÃO PARA PERDAS DE CRÉDITO EM RESTITUIÇÃO DE DEPÓSITOS JUDICIAIS E ADMINISTRATIVOS,-225727.01,202509BANCOS.CSV,4220,ff36100529530c4ced654100cc0cca3806b4b07de8523e1bb7c9dd534f9d0203,BCB balancete doc. 4010
202509,60746948,BCO BRADESCO S.A.,4155000009,DEPÓSITOS JUDICIAIS E ADMINISTRATIVOS MANTIDOS NA INSTITUIÇÃO,270934378.75,202509BANCOS.CSV,38495,ff36100529530c4ced654100cc0cca3806b4b07de8523e1bb7c9dd534f9d0203,BCB balancete doc. 4010
202509,60746948,BCO BRADESCO S.A.,8114000008,(-) DESPESAS DE DEPÓSITOS JUDICIAIS E ADMINISTRATIVOS MANTIDOS NA INSTITUIÇÃO,-5467118.73,202509BANCOS.CSV,38692,ff36100529530c4ced654100cc0cca3806b4b07de8523e1bb7c9dd534f9d0203,BCB balancete doc. 4010
202509,04902979,BCO DA AMAZONIA S.A.,4155000009,DEPÓSITOS JUDICIAIS E ADMINISTRATIVOS MANTIDOS NA INSTITUIÇÃO,85160936.0,202509BANCOS.CSV,9598,ff36100529530c4ced654100cc0cca3806b4b07de8523e1bb7c9dd534f9d0203,BCB balancete doc. 4010
202509,04902979,BCO DA AMAZONIA S.A.,8114000008,(-) DESPESAS DE DEPÓSITOS JUDICIAIS E ADMINISTRATIVOS MANTIDOS NA INSTITUIÇÃO,-1691195.82,202509BANCOS.CSV,9729,ff36100529530c4ced654100cc0cca3806b4b07de8523e1bb7c9dd534f9d0203,BCB balancete doc. 4010
202509,00000000,BCO DO BRASIL S.A.,4155000009,DEPÓSITOS JUDICIAIS E ADMINISTRATIVOS MANTIDOS NA INSTITUIÇÃO,261601185654.46,202509BANCOS.CSV,286,ff36100529530c4ced654100cc0cca3806b4b07de8523e1bb7c9dd534f9d0203,BCB balancete doc. 4010
202509,00000000,BCO DO BRASIL S.A.,8114000008,(-) DESPESAS DE DEPÓSITOS JUDICIAIS E ADMINISTRATIVOS MANTIDOS NA INSTITUIÇÃO,-7189423255.95,202509BANCOS.CSV,488,ff36100529530c4ced654100cc0cca3806b4b07de8523e1bb7c9dd534f9d0203,BCB balancete doc. 4010
202509,00000000,BCO DO BRASIL S.A.,9090800008,DEPÓSITOS JUDICIAIS E ADMINISTRATIVOS REPASSADOS A ESTADOS E DISTRITO FEDERAL,60498441025.98,202509BANCOS.CSV,598,ff36100529530c4ced654100cc0cca3806b4b07de8523e1bb7c9dd534f9d0203,BCB balancete doc. 4010
202509,00000000,BCO DO BRASIL S.A.,9090900001,DEPÓSITOS JUDICIAIS E ADMINISTRATIVOS REPASSADOS A MUNICÍPIOS,21960543438.9,202509BANCOS.CSV,599,ff36100529530c4ced654100cc0cca3806b4b07de8523e1bb7c9dd534f9d0203,BCB balancete doc. 4010
202509,13009717,BCO DO EST. DE SE S.A.,1899800001,(-) PROVISÃO PARA PERDAS DE CRÉDITO EM RESTITUIÇÃO DE DEPÓSITOS JUDICIAIS E ADMINISTRATIVOS,-25050.84,202509BANCOS.CSV,16079,ff36100529530c4ced654100cc0cca3806b4b07de8523e1bb7c9dd534f9d0203,BCB balancete doc. 4010
202509,13009717,BCO DO EST. DE SE S.A.,4155000009,DEPÓSITOS JUDICIAIS E ADMINISTRATIVOS MANTIDOS NA INSTITUIÇÃO,2236501231.08,202509BANCOS.CSV,16198,ff36100529530c4ced654100cc0cca3806b4b07de8523e1bb7c9dd534f9d0203,BCB balancete doc. 4010
202509,13009717,BCO DO EST. DE SE S.A.,8114000008,(-) DESPESAS DE DEPÓSITOS JUDICIAIS E ADMINISTRATIVOS MANTIDOS NA INSTITUIÇÃO,-55290944.02,202509BANCOS.CSV,16312,ff36100529530c4ced654100cc0cca3806b4b07de8523e1bb7c9dd534f9d0203,BCB balancete doc. 4010
202509,13009717,BCO DO EST. DE SE S.A.,9090800008,DEPÓSITOS JUDICIAIS E ADMINISTRATIVOS REPASSADOS A ESTADOS E DISTRITO FEDERAL,209226445.13,202509BANCOS.CSV,16386,ff36100529530c4ced654100cc0cca3806b4b07de8523e1bb7c9dd534f9d0203,BCB balancete doc. 4010
202509,13009717,BCO DO EST. DE SE S.A.,9090900001,DEPÓSITOS JUDICIAIS E ADMINISTRATIVOS REPASSADOS A MUNICÍPIOS,13596433.51,202509BANCOS.CSV,16387,ff36100529530c4ced654100cc0cca3806b4b07de8523e1bb7c9dd534f9d0203,BCB balancete doc. 4010
202509,04913711,BCO DO EST. DO PA S.A.,4155000009,DEPÓSITOS JUDICIAIS E ADMINISTRATIVOS MANTIDOS NA INSTITUIÇÃO,1191585.33,202509BANCOS.CSV,10028,ff36100529530c4ced654100cc0cca3806b4b07de8523e1bb7c9dd534f9d0203,BCB balancete doc. 4010
202509,04913711,BCO DO EST. DO PA S.A.,8114000008,(-) DESPESAS DE DEPÓSITOS JUDICIAIS E ADMINISTRATIVOS MANTIDOS NA INSTITUIÇÃO,-1029.71,202509BANCOS.CSV,10153,ff36100529530c4ced654100cc0cca3806b4b07de8523e1bb7c9dd534f9d0203,BCB balancete doc. 4010
202509,92702067,BCO DO ESTADO DO RS S.A.,4155000009,DEPÓSITOS JUDICIAIS E ADMINISTRATIVOS MANTIDOS NA INSTITUIÇÃO,9700953620.24,202509BANCOS.CSV,49099,ff36100529530c4ced654100cc0cca3806b4b07de8523e1bb7c9dd534f9d0203,BCB balancete doc. 4010
202509,92702067,BCO DO ESTADO DO RS S.A.,8114000008,(-) DESPESAS DE DEPÓSITOS JUDICIAIS E ADMINISTRATIVOS MANTIDOS NA INSTITUIÇÃO,-218099938.3,202509BANCOS.CSV,49263,ff36100529530c4ced654100cc0cca3806b4b07de8523e1bb7c9dd534f9d0203,BCB balancete doc. 4010
202509,92702067,BCO DO ESTADO DO RS S.A.,9090800008,DEPÓSITOS JUDICIAIS E ADMINISTRATIVOS REPASSADOS A ESTADOS E DISTRITO FEDERAL,10378683442.94,202509BANCOS.CSV,49349,ff36100529530c4ced654100cc0cca3806b4b07de8523e1bb7c9dd534f9d0203,BCB balancete doc. 4010
202509,92702067,BCO DO ESTADO DO RS S.A.,9090900001,DEPÓSITOS JUDICIAIS E ADMINISTRATIVOS REPASSADOS A MUNICÍPIOS,113751626.77,202509BANCOS.CSV,49350,ff36100529530c4ced654100cc0cca3806b4b07de8523e1bb7c9dd534f9d0203,BCB balancete doc. 4010
202509,07237373,BCO DO NORDESTE DO BRASIL S.A.,4155000009,DEPÓSITOS JUDICIAIS E ADMINISTRATIVOS MANTIDOS NA INSTITUIÇÃO,202907391.68,202509BANCOS.CSV,11243,ff36100529530c4ced654100cc0cca3806b4b07de8523e1bb7c9dd534f9d0203,BCB balancete doc. 4010
202509,07237373,BCO DO NORDESTE DO BRASIL S.A.,8114000008,(-) DESPESAS DE DEPÓSITOS JUDICIAIS E ADMINISTRATIVOS MANTIDOS NA INSTITUIÇÃO,-3962379.22,202509BANCOS.CSV,11392,ff36100529530c4ced654100cc0cca3806b4b07de8523e1bb7c9dd534f9d0203,BCB balancete doc. 4010
202509,17184037,BCO MERCANTIL DO BRASIL S.A.,4155000009,DEPÓSITOS JUDICIAIS E ADMINISTRATIVOS MANTIDOS NA INSTITUIÇÃO,853228.31,202509BANCOS.CSV,18735,ff36100529530c4ced654100cc0cca3806b4b07de8523e1bb7c9dd534f9d0203,BCB balancete doc. 4010
202509,17184037,BCO MERCANTIL DO BRASIL S.A.,8114000008,(-) DESPESAS DE DEPÓSITOS JUDICIAIS E ADMINISTRATIVOS MANTIDOS NA INSTITUIÇÃO,-4269.07,202509BANCOS.CSV,18861,ff36100529530c4ced654100cc0cca3806b4b07de8523e1bb7c9dd534f9d0203,BCB balancete doc. 4010
202509,90400888,BCO SANTANDER (BRASIL) S.A.,4155000009,DEPÓSITOS JUDICIAIS E ADMINISTRATIVOS MANTIDOS NA INSTITUIÇÃO,134234239.72,202509BANCOS.CSV,48227,ff36100529530c4ced654100cc0cca3806b4b07de8523e1bb7c9dd534f9d0203,BCB balancete doc. 4010
202509,90400888,BCO SANTANDER (BRASIL) S.A.,8114000008,(-) DESPESAS DE DEPÓSITOS JUDICIAIS E ADMINISTRATIVOS MANTIDOS NA INSTITUIÇÃO,-2673941.36,202509BANCOS.CSV,48431,ff36100529530c4ced654100cc0cca3806b4b07de8523e1bb7c9dd534f9d0203,BCB balancete doc. 4010
202509,00000208,BRB - BCO DE BRASILIA S.A.,4155000009,DEPÓSITOS JUDICIAIS E ADMINISTRATIVOS MANTIDOS NA INSTITUIÇÃO,22258612791.02,202509BANCOS.CSV,860,ff36100529530c4ced654100cc0cca3806b4b07de8523e1bb7c9dd534f9d0203,BCB balancete doc. 4010
202509,00000208,BRB - BCO DE BRASILIA S.A.,8114000008,(-) DESPESAS DE DEPÓSITOS JUDICIAIS E ADMINISTRATIVOS MANTIDOS NA INSTITUIÇÃO,-403314625.86,202509BANCOS.CSV,988,ff36100529530c4ced654100cc0cca3806b4b07de8523e1bb7c9dd534f9d0203,BCB balancete doc. 4010
202509,00000208,BRB - BCO DE BRASILIA S.A.,9090800008,DEPÓSITOS JUDICIAIS E ADMINISTRATIVOS REPASSADOS A ESTADOS E DISTRITO FEDERAL,5865791362.37,202509BANCOS.CSV,1074,ff36100529530c4ced654100cc0cca3806b4b07de8523e1bb7c9dd534f9d0203,BCB balancete doc. 4010
202509,00000208,BRB - BCO DE BRASILIA S.A.,9090900001,DEPÓSITOS JUDICIAIS E ADMINISTRATIVOS REPASSADOS A MUNICÍPIOS,1786199948.11,202509BANCOS.CSV,1075,ff36100529530c4ced654100cc0cca3806b4b07de8523e1bb7c9dd534f9d0203,BCB balancete doc. 4010
202509,00360305,CAIXA ECONOMICA FEDERAL,4155000009,DEPÓSITOS JUDICIAIS E ADMINISTRATIVOS MANTIDOS NA INSTITUIÇÃO,126578641660.64,202509BANCOS.CSV,1366,ff36100529530c4ced654100cc0cca3806b4b07de8523e1bb7c9dd534f9d0203,BCB balancete doc. 4010
202509,00360305,CAIXA ECONOMICA FEDERAL,8114000008,(-) DESPESAS DE DEPÓSITOS JUDICIAIS E ADMINISTRATIVOS MANTIDOS NA INSTITUIÇÃO,-2888149647.13,202509BANCOS.CSV,1559,ff36100529530c4ced654100cc0cca3806b4b07de8523e1bb7c9dd534f9d0203,BCB balancete doc. 4010
202509,00360305,CAIXA ECONOMICA FEDERAL,9090700005,DEPÓSITOS JUDICIAIS E ADMINISTRATIVOS REPASSADOS À UNIÃO,374704710353.24,202509BANCOS.CSV,1659,ff36100529530c4ced654100cc0cca3806b4b07de8523e1bb7c9dd534f9d0203,BCB balancete doc. 4010
202509,00360305,CAIXA ECONOMICA FEDERAL,9090800008,DEPÓSITOS JUDICIAIS E ADMINISTRATIVOS REPASSADOS A ESTADOS E DISTRITO FEDERAL,5362880739.68,202509BANCOS.CSV,1660,ff36100529530c4ced654100cc0cca3806b4b07de8523e1bb7c9dd534f9d0203,BCB balancete doc. 4010
202509,00360305,CAIXA ECONOMICA FEDERAL,9090900001,DEPÓSITOS JUDICIAIS E ADMINISTRATIVOS REPASSADOS A MUNICÍPIOS,1093161947.28,202509BANCOS.CSV,1661,ff36100529530c4ced654100cc0cca3806b4b07de8523e1bb7c9dd534f9d0203,BCB balancete doc. 4010
202509,62331228,DEUTSCHE BANK S.A.BCO ALEMAO,1899800001,(-) PROVISÃO PARA PERDAS DE CRÉDITO EM RESTITUIÇÃO DE DEPÓSITOS JUDICIAIS E ADMINISTRATIVOS,-58.26,202509BANCOS.CSV,45026,ff36100529530c4ced654100cc0cca3806b4b07de8523e1bb7c9dd534f9d0203,BCB balancete doc. 4010
202509,60701190,ITAÚ UNIBANCO S.A.,4155000009,DEPÓSITOS JUDICIAIS E ADMINISTRATIVOS MANTIDOS NA INSTITUIÇÃO,19595257.95,202509BANCOS.CSV,37822,ff36100529530c4ced654100cc0cca3806b4b07de8523e1bb7c9dd534f9d0203,BCB balancete doc. 4010
202509,60701190,ITAÚ UNIBANCO S.A.,8114000008,(-) DESPESAS DE DEPÓSITOS JUDICIAIS E ADMINISTRATIVOS MANTIDOS NA INSTITUIÇÃO,-392122.72,202509BANCOS.CSV,38030,ff36100529530c4ced654100cc0cca3806b4b07de8523e1bb7c9dd534f9d0203,BCB balancete doc. 4010
202510,92894922,BANCO ORIGINAL,1899800001,(-) PROVISÃO PARA PERDAS DE CRÉDITO EM RESTITUIÇÃO DE DEPÓSITOS JUDICIAIS E ADMINISTRATIVOS,-5157.63,202510BANCOS.CSV,49943,8cc1b38a2d4ec9724b9ee47aa9a3375ce9cf4f23c088f5b9e0080a3d0a9f4fb5,BCB balancete doc. 4010
202510,28195667,BCO ABC BRASIL S.A.,4155000009,DEPÓSITOS JUDICIAIS E ADMINISTRATIVOS MANTIDOS NA INSTITUIÇÃO,1673246.17,202510BANCOS.CSV,21489,8cc1b38a2d4ec9724b9ee47aa9a3375ce9cf4f23c088f5b9e0080a3d0a9f4fb5,BCB balancete doc. 4010
202510,28195667,BCO ABC BRASIL S.A.,8114000008,(-) DESPESAS DE DEPÓSITOS JUDICIAIS E ADMINISTRATIVOS MANTIDOS NA INSTITUIÇÃO,-45378.07,202510BANCOS.CSV,21626,8cc1b38a2d4ec9724b9ee47aa9a3375ce9cf4f23c088f5b9e0080a3d0a9f4fb5,BCB balancete doc. 4010
202510,28127603,BCO BANESTES S.A.,4155000009,DEPÓSITOS JUDICIAIS E ADMINISTRATIVOS MANTIDOS NA INSTITUIÇÃO,4506533787.03,202510BANCOS.CSV,20743,8cc1b38a2d4ec9724b9ee47aa9a3375ce9cf4f23c088f5b9e0080a3d0a9f4fb5,BCB balancete doc. 4010
202510,28127603,BCO BANESTES S.A.,8114000008,(-) DESPESAS DE DEPÓSITOS JUDICIAIS E ADMINISTRATIVOS MANTIDOS NA INSTITUIÇÃO,-182062432.09,202510BANCOS.CSV,20876,8cc1b38a2d4ec9724b9ee47aa9a3375ce9cf4f23c088f5b9e0080a3d0a9f4fb5,BCB balancete doc. 4010
202510,28127603,BCO BANESTES S.A.,9090900001,DEPÓSITOS JUDICIAIS E ADMINISTRATIVOS REPASSADOS A MUNICÍPIOS,485006448.6,202510BANCOS.CSV,20952,8cc1b38a2d4ec9724b9ee47aa9a3375ce9cf4f23c088f5b9e0080a3d0a9f4fb5,BCB balancete doc. 4010
202510,61186680,BCO BMG S.A.,1899800001,(-) PROVISÃO PARA PERDAS DE CRÉDITO EM RESTITUIÇÃO DE DEPÓSITOS JUDICIAIS E ADMINISTRATIVOS,-1083525.13,202510BANCOS.CSV,41631,8cc1b38a2d4ec9724b9ee47aa9a3375ce9cf4f23c088f5b9e0080a3d0a9f4fb5,BCB balancete doc. 4010
202510,01522368,BCO BNP PARIBAS BRASIL S A,1899800001,(-) PROVISÃO PARA PERDAS DE CRÉDITO EM RESTITUIÇÃO DE DEPÓSITOS JUDICIAIS E ADMINISTRATIVOS,-222888.42,202510BANCOS.CSV,3779,8cc1b38a2d4ec9724b9ee47aa9a3375ce9cf4f23c088f5b9e0080a3d0a9f4fb5,BCB balancete doc. 4010
202510,60746948,BCO BRADESCO S.A.,4155000009,DEPÓSITOS JUDICIAIS E ADMINISTRATIVOS MANTIDOS NA INSTITUIÇÃO,272578595.88,202510BANCOS.CSV,38285,8cc1b38a2d4ec9724b9ee47aa9a3375ce9cf4f23c088f5b9e0080a3d0a9f4fb5,BCB balancete doc. 4010
202510,60746948,BCO BRADESCO S.A.,8114000008,(-) DESPESAS DE DEPÓSITOS JUDICIAIS E ADMINISTRATIVOS MANTIDOS NA INSTITUIÇÃO,-7355001.98,202510BANCOS.CSV,38485,8cc1b38a2d4ec9724b9ee47aa9a3375ce9cf4f23c088f5b9e0080a3d0a9f4fb5,BCB balancete doc. 4010
202510,04902979,BCO DA AMAZONIA S.A.,4155000009,DEPÓSITOS JUDICIAIS E ADMINISTRATIVOS MANTIDOS NA INSTITUIÇÃO,85079162.15,202510BANCOS.CSV,9210,8cc1b38a2d4ec9724b9ee47aa9a3375ce9cf4f23c088f5b9e0080a3d0a9f4fb5,BCB balancete doc. 4010
202510,04902979,BCO DA AMAZONIA S.A.,8114000008,(-) DESPESAS DE DEPÓSITOS JUDICIAIS E ADMINISTRATIVOS MANTIDOS NA INSTITUIÇÃO,-2275839.78,202510BANCOS.CSV,9341,8cc1b38a2d4ec9724b9ee47aa9a3375ce9cf4f23c088f5b9e0080a3d0a9f4fb5,BCB balancete doc. 4010
202510,00000000,BCO DO BRASIL S.A.,4155000009,DEPÓSITOS JUDICIAIS E ADMINISTRATIVOS MANTIDOS NA INSTITUIÇÃO,261371030227.15,202510BANCOS.CSV,286,8cc1b38a2d4ec9724b9ee47aa9a3375ce9cf4f23c088f5b9e0080a3d0a9f4fb5,BCB balancete doc. 4010
202510,00000000,BCO DO BRASIL S.A.,8114000008,(-) DESPESAS DE DEPÓSITOS JUDICIAIS E ADMINISTRATIVOS MANTIDOS NA INSTITUIÇÃO,-9561987365.45,202510BANCOS.CSV,489,8cc1b38a2d4ec9724b9ee47aa9a3375ce9cf4f23c088f5b9e0080a3d0a9f4fb5,BCB balancete doc. 4010
202510,00000000,BCO DO BRASIL S.A.,9090800008,DEPÓSITOS JUDICIAIS E ADMINISTRATIVOS REPASSADOS A ESTADOS E DISTRITO FEDERAL,60490025498.74,202510BANCOS.CSV,600,8cc1b38a2d4ec9724b9ee47aa9a3375ce9cf4f23c088f5b9e0080a3d0a9f4fb5,BCB balancete doc. 4010
202510,00000000,BCO DO BRASIL S.A.,9090900001,DEPÓSITOS JUDICIAIS E ADMINISTRATIVOS REPASSADOS A MUNICÍPIOS,21929083856.02,202510BANCOS.CSV,601,8cc1b38a2d4ec9724b9ee47aa9a3375ce9cf4f23c088f5b9e0080a3d0a9f4fb5,BCB balancete doc. 4010
202510,13009717,BCO DO EST. DE SE S.A.,1899800001,(-) PROVISÃO PARA PERDAS DE CRÉDITO EM RESTITUIÇÃO DE DEPÓSITOS JUDICIAIS E ADMINISTRATIVOS,-24965.47,202510BANCOS.CSV,15742,8cc1b38a2d4ec9724b9ee47aa9a3375ce9cf4f23c088f5b9e0080a3d0a9f4fb5,BCB balancete doc. 4010
202510,13009717,BCO DO EST. DE SE S.A.,4155000009,DEPÓSITOS JUDICIAIS E ADMINISTRATIVOS MANTIDOS NA INSTITUIÇÃO,2219093202.43,202510BANCOS.CSV,15861,8cc1b38a2d4ec9724b9ee47aa9a3375ce9cf4f23c088f5b9e0080a3d0a9f4fb5,BCB balancete doc. 4010
202510,13009717,BCO DO EST. DE SE S.A.,8114000008,(-) DESPESAS DE DEPÓSITOS JUDICIAIS E ADMINISTRATIVOS MANTIDOS NA INSTITUIÇÃO,-73950187.99,202510BANCOS.CSV,15976,8cc1b38a2d4ec9724b9ee47aa9a3375ce9cf4f23c088f5b9e0080a3d0a9f4fb5,BCB balancete doc. 4010
202510,13009717,BCO DO EST. DE SE S.A.,9090800008,DEPÓSITOS JUDICIAIS E ADMINISTRATIVOS REPASSADOS A ESTADOS E DISTRITO FEDERAL,207092446.34,202510BANCOS.CSV,16050,8cc1b38a2d4ec9724b9ee47aa9a3375ce9cf4f23c088f5b9e0080a3d0a9f4fb5,BCB balancete doc. 4010
202510,13009717,BCO DO EST. DE SE S.A.,9090900001,DEPÓSITOS JUDICIAIS E ADMINISTRATIVOS REPASSADOS A MUNICÍPIOS,13658976.54,202510BANCOS.CSV,16051,8cc1b38a2d4ec9724b9ee47aa9a3375ce9cf4f23c088f5b9e0080a3d0a9f4fb5,BCB balancete doc. 4010
202510,04913711,BCO DO EST. DO PA S.A.,4155000009,DEPÓSITOS JUDICIAIS E ADMINISTRATIVOS MANTIDOS NA INSTITUIÇÃO,4743222.36,202510BANCOS.CSV,9639,8cc1b38a2d4ec9724b9ee47aa9a3375ce9cf4f23c088f5b9e0080a3d0a9f4fb5,BCB balancete doc. 4010
202510,04913711,BCO DO EST. DO PA S.A.,8114000008,(-) DESPESAS DE DEPÓSITOS JUDICIAIS E ADMINISTRATIVOS MANTIDOS NA INSTITUIÇÃO,-1385.59,202510BANCOS.CSV,9762,8cc1b38a2d4ec9724b9ee47aa9a3375ce9cf4f23c088f5b9e0080a3d0a9f4fb5,BCB balancete doc. 4010
202510,92702067,BCO DO ESTADO DO RS S.A.,4155000009,DEPÓSITOS JUDICIAIS E ADMINISTRATIVOS MANTIDOS NA INSTITUIÇÃO,9854398620.84,202510BANCOS.CSV,48999,8cc1b38a2d4ec9724b9ee47aa9a3375ce9cf4f23c088f5b9e0080a3d0a9f4fb5,BCB balancete doc. 4010
202510,92702067,BCO DO ESTADO DO RS S.A.,8114000008,(-) DESPESAS DE DEPÓSITOS JUDICIAIS E ADMINISTRATIVOS MANTIDOS NA INSTITUIÇÃO,-293222381.16,202510BANCOS.CSV,49164,8cc1b38a2d4ec9724b9ee47aa9a3375ce9cf4f23c088f5b9e0080a3d0a9f4fb5,BCB balancete doc. 4010
202510,92702067,BCO DO ESTADO DO RS S.A.,9090800008,DEPÓSITOS JUDICIAIS E ADMINISTRATIVOS REPASSADOS A ESTADOS E DISTRITO FEDERAL,10378683442.94,202510BANCOS.CSV,49247,8cc1b38a2d4ec9724b9ee47aa9a3375ce9cf4f23c088f5b9e0080a3d0a9f4fb5,BCB balancete doc. 4010
202510,92702067,BCO DO ESTADO DO RS S.A.,9090900001,DEPÓSITOS JUDICIAIS E ADMINISTRATIVOS REPASSADOS A MUNICÍPIOS,114625314.13,202510BANCOS.CSV,49248,8cc1b38a2d4ec9724b9ee47aa9a3375ce9cf4f23c088f5b9e0080a3d0a9f4fb5,BCB balancete doc. 4010
202510,07237373,BCO DO NORDESTE DO BRASIL S.A.,4155000009,DEPÓSITOS JUDICIAIS E ADMINISTRATIVOS MANTIDOS NA INSTITUIÇÃO,204083689.84,202510BANCOS.CSV,10863,8cc1b38a2d4ec9724b9ee47aa9a3375ce9cf4f23c088f5b9e0080a3d0a9f4fb5,BCB balancete doc. 4010
202510,07237373,BCO DO NORDESTE DO BRASIL S.A.,8114000008,(-) DESPESAS DE DEPÓSITOS JUDICIAIS E ADMINISTRATIVOS MANTIDOS NA INSTITUIÇÃO,-5303877.15,202510BANCOS.CSV,11014,8cc1b38a2d4ec9724b9ee47aa9a3375ce9cf4f23c088f5b9e0080a3d0a9f4fb5,BCB balancete doc. 4010
202510,17184037,BCO MERCANTIL DO BRASIL S.A.,4155000009,DEPÓSITOS JUDICIAIS E ADMINISTRATIVOS MANTIDOS NA INSTITUIÇÃO,859124.53,202510BANCOS.CSV,18413,8cc1b38a2d4ec9724b9ee47aa9a3375ce9cf4f23c088f5b9e0080a3d0a9f4fb5,BCB balancete doc. 4010
202510,17184037,BCO MERCANTIL DO BRASIL S.A.,8114000008,(-) DESPESAS DE DEPÓSITOS JUDICIAIS E ADMINISTRATIVOS MANTIDOS NA INSTITUIÇÃO,-5754.79,202510BANCOS.CSV,18540,8cc1b38a2d4ec9724b9ee47aa9a3375ce9cf4f23c088f5b9e0080a3d0a9f4fb5,BCB balancete doc. 4010
202510,90400888,BCO SANTANDER (BRASIL) S.A.,4155000009,DEPÓSITOS JUDICIAIS E ADMINISTRATIVOS MANTIDOS NA INSTITUIÇÃO,134756062.32,202510BANCOS.CSV,48125,8cc1b38a2d4ec9724b9ee47aa9a3375ce9cf4f23c088f5b9e0080a3d0a9f4fb5,BCB balancete doc. 4010
202510,90400888,BCO SANTANDER (BRASIL) S.A.,8114000008,(-) DESPESAS DE DEPÓSITOS JUDICIAIS E ADMINISTRATIVOS MANTIDOS NA INSTITUIÇÃO,-3587634.33,202510BANCOS.CSV,48329,8cc1b38a2d4ec9724b9ee47aa9a3375ce9cf4f23c088f5b9e0080a3d0a9f4fb5,BCB balancete doc. 4010
202510,00360305,CAIXA ECONOMICA FEDERAL,4155000009,DEPÓSITOS JUDICIAIS E ADMINISTRATIVOS MANTIDOS NA INSTITUIÇÃO,125454985688.12,202510BANCOS.CSV,909,8cc1b38a2d4ec9724b9ee47aa9a3375ce9cf4f23c088f5b9e0080a3d0a9f4fb5,BCB balancete doc. 4010
202510,00360305,CAIXA ECONOMICA FEDERAL,8114000008,(-) DESPESAS DE DEPÓSITOS JUDICIAIS E ADMINISTRATIVOS MANTIDOS NA INSTITUIÇÃO,-3849283397.44,202510BANCOS.CSV,1101,8cc1b38a2d4ec9724b9ee47aa9a3375ce9cf4f23c088f5b9e0080a3d0a9f4fb5,BCB balancete doc. 4010
202510,00360305,CAIXA ECONOMICA FEDERAL,9090700005,DEPÓSITOS JUDICIAIS E ADMINISTRATIVOS REPASSADOS À UNIÃO,378159489973.96,202510BANCOS.CSV,1200,8cc1b38a2d4ec9724b9ee47aa9a3375ce9cf4f23c088f5b9e0080a3d0a9f4fb5,BCB balancete doc. 4010
202510,00360305,CAIXA ECONOMICA FEDERAL,9090800008,DEPÓSITOS JUDICIAIS E ADMINISTRATIVOS REPASSADOS A ESTADOS E DISTRITO FEDERAL,5394131474.91,202510BANCOS.CSV,1201,8cc1b38a2d4ec9724b9ee47aa9a3375ce9cf4f23c088f5b9e0080a3d0a9f4fb5,BCB balancete doc. 4010
202510,00360305,CAIXA ECONOMICA FEDERAL,9090900001,DEPÓSITOS JUDICIAIS E ADMINISTRATIVOS REPASSADOS A MUNICÍPIOS,1093163723.75,202510BANCOS.CSV,1202,8cc1b38a2d4ec9724b9ee47aa9a3375ce9cf4f23c088f5b9e0080a3d0a9f4fb5,BCB balancete doc. 4010
202510,62331228,DEUTSCHE BANK S.A.BCO ALEMAO,1899800001,(-) PROVISÃO PARA PERDAS DE CRÉDITO EM RESTITUIÇÃO DE DEPÓSITOS JUDICIAIS E ADMINISTRATIVOS,-59.08,202510BANCOS.CSV,44893,8cc1b38a2d4ec9724b9ee47aa9a3375ce9cf4f23c088f5b9e0080a3d0a9f4fb5,BCB balancete doc. 4010
202510,60701190,ITAÚ UNIBANCO S.A.,4155000009,DEPÓSITOS JUDICIAIS E ADMINISTRATIVOS MANTIDOS NA INSTITUIÇÃO,19730986.69,202510BANCOS.CSV,37614,8cc1b38a2d4ec9724b9ee47aa9a3375ce9cf4f23c088f5b9e0080a3d0a9f4fb5,BCB balancete doc. 4010
202510,60701190,ITAÚ UNIBANCO S.A.,8114000008,(-) DESPESAS DE DEPÓSITOS JUDICIAIS E ADMINISTRATIVOS MANTIDOS NA INSTITUIÇÃO,-527304.93,202510BANCOS.CSV,37823,8cc1b38a2d4ec9724b9ee47aa9a3375ce9cf4f23c088f5b9e0080a3d0a9f4fb5,BCB balancete doc. 4010
202511,92894922,BANCO ORIGINAL,1899800001,(-) PROVISÃO PARA PERDAS DE CRÉDITO EM RESTITUIÇÃO DE DEPÓSITOS JUDICIAIS E ADMINISTRATIVOS,-4819.52,202511BANCOS.CSV,50514,7d9b416436fcd7b02ad8ec8961c31a5276930d62033cc1d607d14d247e319709,BCB balancete doc. 4010
202511,28195667,BCO ABC BRASIL S.A.,4155000009,DEPÓSITOS JUDICIAIS E ADMINISTRATIVOS MANTIDOS NA INSTITUIÇÃO,1684356.05,202511BANCOS.CSV,22027,7d9b416436fcd7b02ad8ec8961c31a5276930d62033cc1d607d14d247e319709,BCB balancete doc. 4010
202511,28195667,BCO ABC BRASIL S.A.,8114000008,(-) DESPESAS DE DEPÓSITOS JUDICIAIS E ADMINISTRATIVOS MANTIDOS NA INSTITUIÇÃO,-56487.95,202511BANCOS.CSV,22169,7d9b416436fcd7b02ad8ec8961c31a5276930d62033cc1d607d14d247e319709,BCB balancete doc. 4010
202511,28127603,BCO BANESTES S.A.,4155000009,DEPÓSITOS JUDICIAIS E ADMINISTRATIVOS MANTIDOS NA INSTITUIÇÃO,4530090468.72,202511BANCOS.CSV,21278,7d9b416436fcd7b02ad8ec8961c31a5276930d62033cc1d607d14d247e319709,BCB balancete doc. 4010
202511,28127603,BCO BANESTES S.A.,8114000008,(-) DESPESAS DE DEPÓSITOS JUDICIAIS E ADMINISTRATIVOS MANTIDOS NA INSTITUIÇÃO,-223037604.33,202511BANCOS.CSV,21413,7d9b416436fcd7b02ad8ec8961c31a5276930d62033cc1d607d14d247e319709,BCB balancete doc. 4010
202511,28127603,BCO BANESTES S.A.,9090900001,DEPÓSITOS JUDICIAIS E ADMINISTRATIVOS REPASSADOS A MUNICÍPIOS,485305858.09,202511BANCOS.CSV,21490,7d9b416436fcd7b02ad8ec8961c31a5276930d62033cc1d607d14d247e319709,BCB balancete doc. 4010
202511,61186680,BCO BMG S.A.,1899800001,(-) PROVISÃO PARA PERDAS DE CRÉDITO EM RESTITUIÇÃO DE DEPÓSITOS JUDICIAIS E ADMINISTRATIVOS,-1073941.88,202511BANCOS.CSV,42192,7d9b416436fcd7b02ad8ec8961c31a5276930d62033cc1d607d14d247e319709,BCB balancete doc. 4010
202511,01522368,BCO BNP PARIBAS BRASIL S A,1899800001,(-) PROVISÃO PARA PERDAS DE CRÉDITO EM RESTITUIÇÃO DE DEPÓSITOS JUDICIAIS E ADMINISTRATIVOS,-222408.38,202511BANCOS.CSV,4271,7d9b416436fcd7b02ad8ec8961c31a5276930d62033cc1d607d14d247e319709,BCB balancete doc. 4010
202511,60746948,BCO BRADESCO S.A.,4155000009,DEPÓSITOS JUDICIAIS E ADMINISTRATIVOS MANTIDOS NA INSTITUIÇÃO,274157725.16,202511BANCOS.CSV,38847,7d9b416436fcd7b02ad8ec8961c31a5276930d62033cc1d607d14d247e319709,BCB balancete doc. 4010
202511,60746948,BCO BRADESCO S.A.,8114000008,(-) DESPESAS DE DEPÓSITOS JUDICIAIS E ADMINISTRATIVOS MANTIDOS NA INSTITUIÇÃO,-9129384.68,202511BANCOS.CSV,39049,7d9b416436fcd7b02ad8ec8961c31a5276930d62033cc1d607d14d247e319709,BCB balancete doc. 4010
202511,04902979,BCO DA AMAZONIA S.A.,4155000009,DEPÓSITOS JUDICIAIS E ADMINISTRATIVOS MANTIDOS NA INSTITUIÇÃO,87198598.4,202511BANCOS.CSV,9697,7d9b416436fcd7b02ad8ec8961c31a5276930d62033cc1d607d14d247e319709,BCB balancete doc. 4010
202511,04902979,BCO DA AMAZONIA S.A.,8114000008,(-) DESPESAS DE DEPÓSITOS JUDICIAIS E ADMINISTRATIVOS MANTIDOS NA INSTITUIÇÃO,-2799587.03,202511BANCOS.CSV,9829,7d9b416436fcd7b02ad8ec8961c31a5276930d62033cc1d607d14d247e319709,BCB balancete doc. 4010
202511,00000000,BCO DO BRASIL S.A.,4155000009,DEPÓSITOS JUDICIAIS E ADMINISTRATIVOS MANTIDOS NA INSTITUIÇÃO,267126062138.66,202511BANCOS.CSV,284,7d9b416436fcd7b02ad8ec8961c31a5276930d62033cc1d607d14d247e319709,BCB balancete doc. 4010
202511,00000000,BCO DO BRASIL S.A.,8114000008,(-) DESPESAS DE DEPÓSITOS JUDICIAIS E ADMINISTRATIVOS MANTIDOS NA INSTITUIÇÃO,-11929552655.56,202511BANCOS.CSV,487,7d9b416436fcd7b02ad8ec8961c31a5276930d62033cc1d607d14d247e319709,BCB balancete doc. 4010
202511,00000000,BCO DO BRASIL S.A.,9090800008,DEPÓSITOS JUDICIAIS E ADMINISTRATIVOS REPASSADOS A ESTADOS E DISTRITO FEDERAL,60826750184.84,202511BANCOS.CSV,598,7d9b416436fcd7b02ad8ec8961c31a5276930d62033cc1d607d14d247e319709,BCB balancete doc. 4010
202511,00000000,BCO DO BRASIL S.A.,9090900001,DEPÓSITOS JUDICIAIS E ADMINISTRATIVOS REPASSADOS A MUNICÍPIOS,22014558271.27,202511BANCOS.CSV,599,7d9b416436fcd7b02ad8ec8961c31a5276930d62033cc1d607d14d247e319709,BCB balancete doc. 4010
202511,13009717,BCO DO EST. DE SE S.A.,1899800001,(-) PROVISÃO PARA PERDAS DE CRÉDITO EM RESTITUIÇÃO DE DEPÓSITOS JUDICIAIS E ADMINISTRATIVOS,-25111.77,202511BANCOS.CSV,16251,7d9b416436fcd7b02ad8ec8961c31a5276930d62033cc1d607d14d247e319709,BCB balancete doc. 4010
202511,13009717,BCO DO EST. DE SE S.A.,4155000009,DEPÓSITOS JUDICIAIS E ADMINISTRATIVOS MANTIDOS NA INSTITUIÇÃO,2200463864.6,202511BANCOS.CSV,16370,7d9b416436fcd7b02ad8ec8961c31a5276930d62033cc1d607d14d247e319709,BCB balancete doc. 4010
202511,13009717,BCO DO EST. DE SE S.A.,8114000008,(-) DESPESAS DE DEPÓSITOS JUDICIAIS E ADMINISTRATIVOS MANTIDOS NA INSTITUIÇÃO,-90325182.4,202511BANCOS.CSV,16489,7d9b416436fcd7b02ad8ec8961c31a5276930d62033cc1d607d14d247e319709,BCB balancete doc. 4010
202511,13009717,BCO DO EST. DE SE S.A.,9090800008,DEPÓSITOS JUDICIAIS E ADMINISTRATIVOS REPASSADOS A ESTADOS E DISTRITO FEDERAL,203949903.75,202511BANCOS.CSV,16563,7d9b416436fcd7b02ad8ec8961c31a5276930d62033cc1d607d14d247e319709,BCB balancete doc. 4010
202511,13009717,BCO DO EST. DE SE S.A.,9090900001,DEPÓSITOS JUDICIAIS E ADMINISTRATIVOS REPASSADOS A MUNICÍPIOS,13721887.85,202511BANCOS.CSV,16564,7d9b416436fcd7b02ad8ec8961c31a5276930d62033cc1d607d14d247e319709,BCB balancete doc. 4010
202511,04913711,BCO DO EST. DO PA S.A.,4155000009,DEPÓSITOS JUDICIAIS E ADMINISTRATIVOS MANTIDOS NA INSTITUIÇÃO,745424.6,202511BANCOS.CSV,10123,7d9b416436fcd7b02ad8ec8961c31a5276930d62033cc1d607d14d247e319709,BCB balancete doc. 4010
202511,04913711,BCO DO EST. DO PA S.A.,8114000008,(-) DESPESAS DE DEPÓSITOS JUDICIAIS E ADMINISTRATIVOS MANTIDOS NA INSTITUIÇÃO,-1702.22,202511BANCOS.CSV,10243,7d9b416436fcd7b02ad8ec8961c31a5276930d62033cc1d607d14d247e319709,BCB balancete doc. 4010
202511,92702067,BCO DO ESTADO DO RS S.A.,4155000009,DEPÓSITOS JUDICIAIS E ADMINISTRATIVOS MANTIDOS NA INSTITUIÇÃO,10374245265.03,202511BANCOS.CSV,49566,7d9b416436fcd7b02ad8ec8961c31a5276930d62033cc1d607d14d247e319709,BCB balancete doc. 4010
202511,92702067,BCO DO ESTADO DO RS S.A.,8114000008,(-) DESPESAS DE DEPÓSITOS JUDICIAIS E ADMINISTRATIVOS MANTIDOS NA INSTITUIÇÃO,-362873659.84,202511BANCOS.CSV,49733,7d9b416436fcd7b02ad8ec8961c31a5276930d62033cc1d607d14d247e319709,BCB balancete doc. 4010
202511,92702067,BCO DO ESTADO DO RS S.A.,9090800008,DEPÓSITOS JUDICIAIS E ADMINISTRATIVOS REPASSADOS A ESTADOS E DISTRITO FEDERAL,10378683442.94,202511BANCOS.CSV,49816,7d9b416436fcd7b02ad8ec8961c31a5276930d62033cc1d607d14d247e319709,BCB balancete doc. 4010
202511,92702067,BCO DO ESTADO DO RS S.A.,9090900001,DEPÓSITOS JUDICIAIS E ADMINISTRATIVOS REPASSADOS A MUNICÍPIOS,113653778.76,202511BANCOS.CSV,49817,7d9b416436fcd7b02ad8ec8961c31a5276930d62033cc1d607d14d247e319709,BCB balancete doc. 4010
202511,07237373,BCO DO NORDESTE DO BRASIL S.A.,4155000009,DEPÓSITOS JUDICIAIS E ADMINISTRATIVOS MANTIDOS NA INSTITUIÇÃO,204225141.27,202511BANCOS.CSV,11340,7d9b416436fcd7b02ad8ec8961c31a5276930d62033cc1d607d14d247e319709,BCB balancete doc. 4010
202511,07237373,BCO DO NORDESTE DO BRASIL S.A.,8114000008,(-) DESPESAS DE DEPÓSITOS JUDICIAIS E ADMINISTRATIVOS MANTIDOS NA INSTITUIÇÃO,-6612298.95,202511BANCOS.CSV,11494,7d9b416436fcd7b02ad8ec8961c31a5276930d62033cc1d607d14d247e319709,BCB balancete doc. 4010
202511,17184037,BCO MERCANTIL DO BRASIL S.A.,4155000009,DEPÓSITOS JUDICIAIS E ADMINISTRATIVOS MANTIDOS NA INSTITUIÇÃO,864762.85,202511BANCOS.CSV,18957,7d9b416436fcd7b02ad8ec8961c31a5276930d62033cc1d607d14d247e319709,BCB balancete doc. 4010
202511,17184037,BCO MERCANTIL DO BRASIL S.A.,8114000008,(-) DESPESAS DE DEPÓSITOS JUDICIAIS E ADMINISTRATIVOS MANTIDOS NA INSTITUIÇÃO,-7107.26,202511BANCOS.CSV,19084,7d9b416436fcd7b02ad8ec8961c31a5276930d62033cc1d607d14d247e319709,BCB balancete doc. 4010
202511,90400888,BCO SANTANDER (BRASIL) S.A.,4155000009,DEPÓSITOS JUDICIAIS E ADMINISTRATIVOS MANTIDOS NA INSTITUIÇÃO,135472821.62,202511BANCOS.CSV,48696,7d9b416436fcd7b02ad8ec8961c31a5276930d62033cc1d607d14d247e319709,BCB balancete doc. 4010
202511,90400888,BCO SANTANDER (BRASIL) S.A.,8114000008,(-) DESPESAS DE DEPÓSITOS JUDICIAIS E ADMINISTRATIVOS MANTIDOS NA INSTITUIÇÃO,-4482535.25,202511BANCOS.CSV,48900,7d9b416436fcd7b02ad8ec8961c31a5276930d62033cc1d607d14d247e319709,BCB balancete doc. 4010
202511,00000208,BRB - BCO DE BRASILIA S.A.,4155000009,DEPÓSITOS JUDICIAIS E ADMINISTRATIVOS MANTIDOS NA INSTITUIÇÃO,22375737172.64,202511BANCOS.CSV,868,7d9b416436fcd7b02ad8ec8961c31a5276930d62033cc1d607d14d247e319709,BCB balancete doc. 4010
202511,00000208,BRB - BCO DE BRASILIA S.A.,8114000008,(-) DESPESAS DE DEPÓSITOS JUDICIAIS E ADMINISTRATIVOS MANTIDOS NA INSTITUIÇÃO,-704362574.04,202511BANCOS.CSV,999,7d9b416436fcd7b02ad8ec8961c31a5276930d62033cc1d607d14d247e319709,BCB balancete doc. 4010
202511,00000208,BRB - BCO DE BRASILIA S.A.,9090800008,DEPÓSITOS JUDICIAIS E ADMINISTRATIVOS REPASSADOS A ESTADOS E DISTRITO FEDERAL,5823679136.79,202511BANCOS.CSV,1085,7d9b416436fcd7b02ad8ec8961c31a5276930d62033cc1d607d14d247e319709,BCB balancete doc. 4010
202511,00000208,BRB - BCO DE BRASILIA S.A.,9090900001,DEPÓSITOS JUDICIAIS E ADMINISTRATIVOS REPASSADOS A MUNICÍPIOS,1786285111.23,202511BANCOS.CSV,1086,7d9b416436fcd7b02ad8ec8961c31a5276930d62033cc1d607d14d247e319709,BCB balancete doc. 4010
202511,00360305,CAIXA ECONOMICA FEDERAL,4155000009,DEPÓSITOS JUDICIAIS E ADMINISTRATIVOS MANTIDOS NA INSTITUIÇÃO,120137153041.31,202511BANCOS.CSV,1377,7d9b416436fcd7b02ad8ec8961c31a5276930d62033cc1d607d14d247e319709,BCB balancete doc. 4010
202511,00360305,CAIXA ECONOMICA FEDERAL,8114000008,(-) DESPESAS DE DEPÓSITOS JUDICIAIS E ADMINISTRATIVOS MANTIDOS NA INSTITUIÇÃO,-4752397299.41,202511BANCOS.CSV,1568,7d9b416436fcd7b02ad8ec8961c31a5276930d62033cc1d607d14d247e319709,BCB balancete doc. 4010
202511,00360305,CAIXA ECONOMICA FEDERAL,9090700005,DEPÓSITOS JUDICIAIS E ADMINISTRATIVOS REPASSADOS À UNIÃO,380964688742.96,202511BANCOS.CSV,1670,7d9b416436fcd7b02ad8ec8961c31a5276930d62033cc1d607d14d247e319709,BCB balancete doc. 4010
202511,00360305,CAIXA ECONOMICA FEDERAL,9090800008,DEPÓSITOS JUDICIAIS E ADMINISTRATIVOS REPASSADOS A ESTADOS E DISTRITO FEDERAL,5406744629.7,202511BANCOS.CSV,1671,7d9b416436fcd7b02ad8ec8961c31a5276930d62033cc1d607d14d247e319709,BCB balancete doc. 4010
202511,00360305,CAIXA ECONOMICA FEDERAL,9090900001,DEPÓSITOS JUDICIAIS E ADMINISTRATIVOS REPASSADOS A MUNICÍPIOS,1057584862.28,202511BANCOS.CSV,1672,7d9b416436fcd7b02ad8ec8961c31a5276930d62033cc1d607d14d247e319709,BCB balancete doc. 4010
202511,62331228,DEUTSCHE BANK S.A.BCO ALEMAO,1899800001,(-) PROVISÃO PARA PERDAS DE CRÉDITO EM RESTITUIÇÃO DE DEPÓSITOS JUDICIAIS E ADMINISTRATIVOS,-83.2,202511BANCOS.CSV,45460,7d9b416436fcd7b02ad8ec8961c31a5276930d62033cc1d607d14d247e319709,BCB balancete doc. 4010
202511,60701190,ITAÚ UNIBANCO S.A.,4155000009,DEPÓSITOS JUDICIAIS E ADMINISTRATIVOS MANTIDOS NA INSTITUIÇÃO,19864019.46,202511BANCOS.CSV,38174,7d9b416436fcd7b02ad8ec8961c31a5276930d62033cc1d607d14d247e319709,BCB balancete doc. 4010
202511,60701190,ITAÚ UNIBANCO S.A.,8114000008,(-) DESPESAS DE DEPÓSITOS JUDICIAIS E ADMINISTRATIVOS MANTIDOS NA INSTITUIÇÃO,-648876.8,202511BANCOS.CSV,38383,7d9b416436fcd7b02ad8ec8961c31a5276930d62033cc1d607d14d247e319709,BCB balancete doc. 4010
202512,92894922,BANCO ORIGINAL,1899800001,(-) PROVISÃO PARA PERDAS DE CRÉDITO EM RESTITUIÇÃO DE DEPÓSITOS JUDICIAIS E ADMINISTRATIVOS,-4851.31,202512BANCOS.CSV,50338,d9a39a4dae6db567e09546bf32e94f2796ce6746353b8b2651934e2e2b2611af,BCB balancete doc. 4010
202512,28195667,BCO ABC BRASIL S.A.,4155000009,DEPÓSITOS JUDICIAIS E ADMINISTRATIVOS MANTIDOS NA INSTITUIÇÃO,1696162.75,202512BANCOS.CSV,21560,d9a39a4dae6db567e09546bf32e94f2796ce6746353b8b2651934e2e2b2611af,BCB balancete doc. 4010
202512,28195667,BCO ABC BRASIL S.A.,8114000008,(-) DESPESAS DE DEPÓSITOS JUDICIAIS E ADMINISTRATIVOS MANTIDOS NA INSTITUIÇÃO,-68294.65,202512BANCOS.CSV,21701,d9a39a4dae6db567e09546bf32e94f2796ce6746353b8b2651934e2e2b2611af,BCB balancete doc. 4010
202512,28127603,BCO BANESTES S.A.,4155000009,DEPÓSITOS JUDICIAIS E ADMINISTRATIVOS MANTIDOS NA INSTITUIÇÃO,4830487326.98,202512BANCOS.CSV,20811,d9a39a4dae6db567e09546bf32e94f2796ce6746353b8b2651934e2e2b2611af,BCB balancete doc. 4010
202512,28127603,BCO BANESTES S.A.,8114000008,(-) DESPESAS DE DEPÓSITOS JUDICIAIS E ADMINISTRATIVOS MANTIDOS NA INSTITUIÇÃO,-271160085.09,202512BANCOS.CSV,20942,d9a39a4dae6db567e09546bf32e94f2796ce6746353b8b2651934e2e2b2611af,BCB balancete doc. 4010
202512,28127603,BCO BANESTES S.A.,9090900001,DEPÓSITOS JUDICIAIS E ADMINISTRATIVOS REPASSADOS A MUNICÍPIOS,428087647.06,202512BANCOS.CSV,21019,d9a39a4dae6db567e09546bf32e94f2796ce6746353b8b2651934e2e2b2611af,BCB balancete doc. 4010
202512,61186680,BCO BMG S.A.,1899800001,(-) PROVISÃO PARA PERDAS DE CRÉDITO EM RESTITUIÇÃO DE DEPÓSITOS JUDICIAIS E ADMINISTRATIVOS,-1063993.47,202512BANCOS.CSV,41804,d9a39a4dae6db567e09546bf32e94f2796ce6746353b8b2651934e2e2b2611af,BCB balancete doc. 4010
202512,60746948,BCO BRADESCO S.A.,4155000009,DEPÓSITOS JUDICIAIS E ADMINISTRATIVOS MANTIDOS NA INSTITUIÇÃO,274568385.78,202512BANCOS.CSV,38493,d9a39a4dae6db567e09546bf32e94f2796ce6746353b8b2651934e2e2b2611af,BCB balancete doc. 4010
202512,60746948,BCO BRADESCO S.A.,8114000008,(-) DESPESAS DE DEPÓSITOS JUDICIAIS E ADMINISTRATIVOS MANTIDOS NA INSTITUIÇÃO,-11021293.13,202512BANCOS.CSV,38694,d9a39a4dae6db567e09546bf32e94f2796ce6746353b8b2651934e2e2b2611af,BCB balancete doc. 4010
202512,04902979,BCO DA AMAZONIA S.A.,4155000009,DEPÓSITOS JUDICIAIS E ADMINISTRATIVOS MANTIDOS NA INSTITUIÇÃO,88488923.99,202512BANCOS.CSV,9221,d9a39a4dae6db567e09546bf32e94f2796ce6746353b8b2651934e2e2b2611af,BCB balancete doc. 4010
202512,04902979,BCO DA AMAZONIA S.A.,8114000008,(-) DESPESAS DE DEPÓSITOS JUDICIAIS E ADMINISTRATIVOS MANTIDOS NA INSTITUIÇÃO,-3429857.78,202512BANCOS.CSV,9350,d9a39a4dae6db567e09546bf32e94f2796ce6746353b8b2651934e2e2b2611af,BCB balancete doc. 4010
202512,00000000,BCO DO BRASIL S.A.,4155000009,DEPÓSITOS JUDICIAIS E ADMINISTRATIVOS MANTIDOS NA INSTITUIÇÃO,263438108385.59,202512BANCOS.CSV,279,d9a39a4dae6db567e09546bf32e94f2796ce6746353b8b2651934e2e2b2611af,BCB balancete doc. 4010
202512,00000000,BCO DO BRASIL S.A.,8114000008,(-) DESPESAS DE DEPÓSITOS JUDICIAIS E ADMINISTRATIVOS MANTIDOS NA INSTITUIÇÃO,-14321677996.21,202512BANCOS.CSV,481,d9a39a4dae6db567e09546bf32e94f2796ce6746353b8b2651934e2e2b2611af,BCB balancete doc. 4010
202512,00000000,BCO DO BRASIL S.A.,9090800008,DEPÓSITOS JUDICIAIS E ADMINISTRATIVOS REPASSADOS A ESTADOS E DISTRITO FEDERAL,60808518747.66,202512BANCOS.CSV,594,d9a39a4dae6db567e09546bf32e94f2796ce6746353b8b2651934e2e2b2611af,BCB balancete doc. 4010
202512,00000000,BCO DO BRASIL S.A.,9090900001,DEPÓSITOS JUDICIAIS E ADMINISTRATIVOS REPASSADOS A MUNICÍPIOS,22099443580.67,202512BANCOS.CSV,595,d9a39a4dae6db567e09546bf32e94f2796ce6746353b8b2651934e2e2b2611af,BCB balancete doc. 4010
202512,13009717,BCO DO EST. DE SE S.A.,1899800001,(-) PROVISÃO PARA PERDAS DE CRÉDITO EM RESTITUIÇÃO DE DEPÓSITOS JUDICIAIS E ADMINISTRATIVOS,-23210.14,202512BANCOS.CSV,15762,d9a39a4dae6db567e09546bf32e94f2796ce6746353b8b2651934e2e2b2611af,BCB balancete doc. 4010
202512,13009717,BCO DO EST. DE SE S.A.,4155000009,DEPÓSITOS JUDICIAIS E ADMINISTRATIVOS MANTIDOS NA INSTITUIÇÃO,2130135973.21,202512BANCOS.CSV,15881,d9a39a4dae6db567e09546bf32e94f2796ce6746353b8b2651934e2e2b2611af,BCB balancete doc. 4010
202512,13009717,BCO DO EST. DE SE S.A.,8114000008,(-) DESPESAS DE DEPÓSITOS JUDICIAIS E ADMINISTRATIVOS MANTIDOS NA INSTITUIÇÃO,-108440729.8,202512BANCOS.CSV,15994,d9a39a4dae6db567e09546bf32e94f2796ce6746353b8b2651934e2e2b2611af,BCB balancete doc. 4010
202512,13009717,BCO DO EST. DE SE S.A.,9090800008,DEPÓSITOS JUDICIAIS E ADMINISTRATIVOS REPASSADOS A ESTADOS E DISTRITO FEDERAL,203024667.88,202512BANCOS.CSV,16069,d9a39a4dae6db567e09546bf32e94f2796ce6746353b8b2651934e2e2b2611af,BCB balancete doc. 4010
202512,13009717,BCO DO EST. DE SE S.A.,9090900001,DEPÓSITOS JUDICIAIS E ADMINISTRATIVOS REPASSADOS A MUNICÍPIOS,13784134.32,202512BANCOS.CSV,16070,d9a39a4dae6db567e09546bf32e94f2796ce6746353b8b2651934e2e2b2611af,BCB balancete doc. 4010
202512,04913711,BCO DO EST. DO PA S.A.,4155000009,DEPÓSITOS JUDICIAIS E ADMINISTRATIVOS MANTIDOS NA INSTITUIÇÃO,1443643.15,202512BANCOS.CSV,9647,d9a39a4dae6db567e09546bf32e94f2796ce6746353b8b2651934e2e2b2611af,BCB balancete doc. 4010
202512,04913711,BCO DO EST. DO PA S.A.,8114000008,(-) DESPESAS DE DEPÓSITOS JUDICIAIS E ADMINISTRATIVOS MANTIDOS NA INSTITUIÇÃO,-2086.2,202512BANCOS.CSV,9771,d9a39a4dae6db567e09546bf32e94f2796ce6746353b8b2651934e2e2b2611af,BCB balancete doc. 4010
202512,92702067,BCO DO ESTADO DO RS S.A.,4155000009,DEPÓSITOS JUDICIAIS E ADMINISTRATIVOS MANTIDOS NA INSTITUIÇÃO,10853799240.98,202512BANCOS.CSV,49373,d9a39a4dae6db567e09546bf32e94f2796ce6746353b8b2651934e2e2b2611af,BCB balancete doc. 4010
202512,92702067,BCO DO ESTADO DO RS S.A.,8114000008,(-) DESPESAS DE DEPÓSITOS JUDICIAIS E ADMINISTRATIVOS MANTIDOS NA INSTITUIÇÃO,-446014911.05,202512BANCOS.CSV,49536,d9a39a4dae6db567e09546bf32e94f2796ce6746353b8b2651934e2e2b2611af,BCB balancete doc. 4010
202512,92702067,BCO DO ESTADO DO RS S.A.,9090800008,DEPÓSITOS JUDICIAIS E ADMINISTRATIVOS REPASSADOS A ESTADOS E DISTRITO FEDERAL,10306349442.94,202512BANCOS.CSV,49620,d9a39a4dae6db567e09546bf32e94f2796ce6746353b8b2651934e2e2b2611af,BCB balancete doc. 4010
202512,92702067,BCO DO ESTADO DO RS S.A.,9090900001,DEPÓSITOS JUDICIAIS E ADMINISTRATIVOS REPASSADOS A MUNICÍPIOS,112859667.49,202512BANCOS.CSV,49621,d9a39a4dae6db567e09546bf32e94f2796ce6746353b8b2651934e2e2b2611af,BCB balancete doc. 4010
202512,07237373,BCO DO NORDESTE DO BRASIL S.A.,4155000009,DEPÓSITOS JUDICIAIS E ADMINISTRATIVOS MANTIDOS NA INSTITUIÇÃO,205288376.55,202512BANCOS.CSV,10878,d9a39a4dae6db567e09546bf32e94f2796ce6746353b8b2651934e2e2b2611af,BCB balancete doc. 4010
202512,07237373,BCO DO NORDESTE DO BRASIL S.A.,8114000008,(-) DESPESAS DE DEPÓSITOS JUDICIAIS E ADMINISTRATIVOS MANTIDOS NA INSTITUIÇÃO,-7958888.07,202512BANCOS.CSV,11025,d9a39a4dae6db567e09546bf32e94f2796ce6746353b8b2651934e2e2b2611af,BCB balancete doc. 4010
202512,17184037,BCO MERCANTIL DO BRASIL S.A.,4155000009,DEPÓSITOS JUDICIAIS E ADMINISTRATIVOS MANTIDOS NA INSTITUIÇÃO,870726.77,202512BANCOS.CSV,18438,d9a39a4dae6db567e09546bf32e94f2796ce6746353b8b2651934e2e2b2611af,BCB balancete doc. 4010
202512,17184037,BCO MERCANTIL DO BRASIL S.A.,8114000008,(-) DESPESAS DE DEPÓSITOS JUDICIAIS E ADMINISTRATIVOS MANTIDOS NA INSTITUIÇÃO,-8612.37,202512BANCOS.CSV,18560,d9a39a4dae6db567e09546bf32e94f2796ce6746353b8b2651934e2e2b2611af,BCB balancete doc. 4010
202512,90400888,BCO SANTANDER (BRASIL) S.A.,4155000009,DEPÓSITOS JUDICIAIS E ADMINISTRATIVOS MANTIDOS NA INSTITUIÇÃO,136383584.51,202512BANCOS.CSV,48501,d9a39a4dae6db567e09546bf32e94f2796ce6746353b8b2651934e2e2b2611af,BCB balancete doc. 4010
202512,90400888,BCO SANTANDER (BRASIL) S.A.,8114000008,(-) DESPESAS DE DEPÓSITOS JUDICIAIS E ADMINISTRATIVOS MANTIDOS NA INSTITUIÇÃO,-5397596.61,202512BANCOS.CSV,48702,d9a39a4dae6db567e09546bf32e94f2796ce6746353b8b2651934e2e2b2611af,BCB balancete doc. 4010
202512,00360305,CAIXA ECONOMICA FEDERAL,4155000009,DEPÓSITOS JUDICIAIS E ADMINISTRATIVOS MANTIDOS NA INSTITUIÇÃO,118538998993.3,202512BANCOS.CSV,900,d9a39a4dae6db567e09546bf32e94f2796ce6746353b8b2651934e2e2b2611af,BCB balancete doc. 4010
202512,00360305,CAIXA ECONOMICA FEDERAL,8114000008,(-) DESPESAS DE DEPÓSITOS JUDICIAIS E ADMINISTRATIVOS MANTIDOS NA INSTITUIÇÃO,-5655004020.9,202512BANCOS.CSV,1090,d9a39a4dae6db567e09546bf32e94f2796ce6746353b8b2651934e2e2b2611af,BCB balancete doc. 4010
202512,00360305,CAIXA ECONOMICA FEDERAL,9090700005,DEPÓSITOS JUDICIAIS E ADMINISTRATIVOS REPASSADOS À UNIÃO,383703580039.73,202512BANCOS.CSV,1193,d9a39a4dae6db567e09546bf32e94f2796ce6746353b8b2651934e2e2b2611af,BCB balancete doc. 4010
202512,00360305,CAIXA ECONOMICA FEDERAL,9090800008,DEPÓSITOS JUDICIAIS E ADMINISTRATIVOS REPASSADOS A ESTADOS E DISTRITO FEDERAL,5279405978.65,202512BANCOS.CSV,1194,d9a39a4dae6db567e09546bf32e94f2796ce6746353b8b2651934e2e2b2611af,BCB balancete doc. 4010
202512,00360305,CAIXA ECONOMICA FEDERAL,9090900001,DEPÓSITOS JUDICIAIS E ADMINISTRATIVOS REPASSADOS A MUNICÍPIOS,1036166075.63,202512BANCOS.CSV,1195,d9a39a4dae6db567e09546bf32e94f2796ce6746353b8b2651934e2e2b2611af,BCB balancete doc. 4010
202512,62331228,DEUTSCHE BANK S.A.BCO ALEMAO,1899800001,(-) PROVISÃO PARA PERDAS DE CRÉDITO EM RESTITUIÇÃO DE DEPÓSITOS JUDICIAIS E ADMINISTRATIVOS,-55.65,202512BANCOS.CSV,45265,d9a39a4dae6db567e09546bf32e94f2796ce6746353b8b2651934e2e2b2611af,BCB balancete doc. 4010
202512,60701190,ITAÚ UNIBANCO S.A.,4155000009,DEPÓSITOS JUDICIAIS E ADMINISTRATIVOS MANTIDOS NA INSTITUIÇÃO,19848600.58,202512BANCOS.CSV,37820,d9a39a4dae6db567e09546bf32e94f2796ce6746353b8b2651934e2e2b2611af,BCB balancete doc. 4010
202512,60701190,ITAÚ UNIBANCO S.A.,8114000008,(-) DESPESAS DE DEPÓSITOS JUDICIAIS E ADMINISTRATIVOS MANTIDOS NA INSTITUIÇÃO,-791985.14,202512BANCOS.CSV,38031,d9a39a4dae6db567e09546bf32e94f2796ce6746353b8b2651934e2e2b2611af,BCB balancete doc. 4010
202601,50585090,BANCO BMG CONSIGNADO S.A.,1899800001,(-) PROVISÃO PARA PERDAS DE CRÉDITO EM RESTITUIÇÃO DE DEPÓSITOS JUDICIAIS E ADMINISTRATIVOS,-311.3,202601BANCOS.CSV,31387,d99a014547ae7a433e11bb01c2c2c5236394328e9ddfc23b7edf28608723828d,BCB balancete doc. 4010
202601,62421979,BANCO BMG SOLUÇÕES FINANCEIRAS S.A.,1899800001,(-) PROVISÃO PARA PERDAS DE CRÉDITO EM RESTITUIÇÃO DE DEPÓSITOS JUDICIAIS E ADMINISTRATIVOS,-789.42,202601BANCOS.CSV,44418,d99a014547ae7a433e11bb01c2c2c5236394328e9ddfc23b7edf28608723828d,BCB balancete doc. 4010
202601,92894922,BANCO ORIGINAL,1899800001,(-) PROVISÃO PARA PERDAS DE CRÉDITO EM RESTITUIÇÃO DE DEPÓSITOS JUDICIAIS E ADMINISTRATIVOS,-4880.87,202601BANCOS.CSV,49031,d99a014547ae7a433e11bb01c2c2c5236394328e9ddfc23b7edf28608723828d,BCB balancete doc. 4010
202601,28195667,BCO ABC BRASIL S.A.,4155000009,DEPÓSITOS JUDICIAIS E ADMINISTRATIVOS MANTIDOS NA INSTITUIÇÃO,1707737.71,202601BANCOS.CSV,21093,d99a014547ae7a433e11bb01c2c2c5236394328e9ddfc23b7edf28608723828d,BCB balancete doc. 4010
202601,28195667,BCO ABC BRASIL S.A.,8114000008,(-) DESPESAS DE DEPÓSITOS JUDICIAIS E ADMINISTRATIVOS MANTIDOS NA INSTITUIÇÃO,-11574.96,202601BANCOS.CSV,21230,d99a014547ae7a433e11bb01c2c2c5236394328e9ddfc23b7edf28608723828d,BCB balancete doc. 4010
202601,28127603,BCO BANESTES S.A.,4155000009,DEPÓSITOS JUDICIAIS E ADMINISTRATIVOS MANTIDOS NA INSTITUIÇÃO,4874107261.0,202601BANCOS.CSV,20362,d99a014547ae7a433e11bb01c2c2c5236394328e9ddfc23b7edf28608723828d,BCB balancete doc. 4010
202601,28127603,BCO BANESTES S.A.,8114000008,(-) DESPESAS DE DEPÓSITOS JUDICIAIS E ADMINISTRATIVOS MANTIDOS NA INSTITUIÇÃO,-47731524.3,202601BANCOS.CSV,20494,d99a014547ae7a433e11bb01c2c2c5236394328e9ddfc23b7edf28608723828d,BCB balancete doc. 4010
202601,28127603,BCO BANESTES S.A.,9090900001,DEPÓSITOS JUDICIAIS E ADMINISTRATIVOS REPASSADOS A MUNICÍPIOS,430727858.02,202601BANCOS.CSV,20564,d99a014547ae7a433e11bb01c2c2c5236394328e9ddfc23b7edf28608723828d,BCB balancete doc. 4010
202601,61186680,BCO BMG S.A.,1899800001,(-) PROVISÃO PARA PERDAS DE CRÉDITO EM RESTITUIÇÃO DE DEPÓSITOS JUDICIAIS E ADMINISTRATIVOS,-1038761.88,202601BANCOS.CSV,40747,d99a014547ae7a433e11bb01c2c2c5236394328e9ddfc23b7edf28608723828d,BCB balancete doc. 4010
202601,60746948,BCO BRADESCO S.A.,4155000009,DEPÓSITOS JUDICIAIS E ADMINISTRATIVOS MANTIDOS NA INSTITUIÇÃO,277031362.28,202601BANCOS.CSV,37512,d99a014547ae7a433e11bb01c2c2c5236394328e9ddfc23b7edf28608723828d,BCB balancete doc. 4010
202601,60746948,BCO BRADESCO S.A.,8114000008,(-) DESPESAS DE DEPÓSITOS JUDICIAIS E ADMINISTRATIVOS MANTIDOS NA INSTITUIÇÃO,-1880804.93,202601BANCOS.CSV,37710,d99a014547ae7a433e11bb01c2c2c5236394328e9ddfc23b7edf28608723828d,BCB balancete doc. 4010
202601,04902979,BCO DA AMAZONIA S.A.,4155000009,DEPÓSITOS JUDICIAIS E ADMINISTRATIVOS MANTIDOS NA INSTITUIÇÃO,87856925.97,202601BANCOS.CSV,9037,d99a014547ae7a433e11bb01c2c2c5236394328e9ddfc23b7edf28608723828d,BCB balancete doc. 4010
202601,04902979,BCO DA AMAZONIA S.A.,8114000008,(-) DESPESAS DE DEPÓSITOS JUDICIAIS E ADMINISTRATIVOS MANTIDOS NA INSTITUIÇÃO,-649682.01,202601BANCOS.CSV,9166,d99a014547ae7a433e11bb01c2c2c5236394328e9ddfc23b7edf28608723828d,BCB balancete doc. 4010
202601,00000000,BCO DO BRASIL S.A.,4155000009,DEPÓSITOS JUDICIAIS E ADMINISTRATIVOS MANTIDOS NA INSTITUIÇÃO,265669802767.06,202601BANCOS.CSV,287,d99a014547ae7a433e11bb01c2c2c5236394328e9ddfc23b7edf28608723828d,BCB balancete doc. 4010
202601,00000000,BCO DO BRASIL S.A.,8114000008,(-) DESPESAS DE DEPÓSITOS JUDICIAIS E ADMINISTRATIVOS MANTIDOS NA INSTITUIÇÃO,-2408587362.45,202601BANCOS.CSV,496,d99a014547ae7a433e11bb01c2c2c5236394328e9ddfc23b7edf28608723828d,BCB balancete doc. 4010
202601,00000000,BCO DO BRASIL S.A.,9090800008,DEPÓSITOS JUDICIAIS E ADMINISTRATIVOS REPASSADOS A ESTADOS E DISTRITO FEDERAL,61003305362.58,202601BANCOS.CSV,607,d99a014547ae7a433e11bb01c2c2c5236394328e9ddfc23b7edf28608723828d,BCB balancete doc. 4010
202601,00000000,BCO DO BRASIL S.A.,9090900001,DEPÓSITOS JUDICIAIS E ADMINISTRATIVOS REPASSADOS A MUNICÍPIOS,22266294798.45,202601BANCOS.CSV,608,d99a014547ae7a433e11bb01c2c2c5236394328e9ddfc23b7edf28608723828d,BCB balancete doc. 4010
202601,13009717,BCO DO EST. DE SE S.A.,1899800001,(-) PROVISÃO PARA PERDAS DE CRÉDITO EM RESTITUIÇÃO DE DEPÓSITOS JUDICIAIS E ADMINISTRATIVOS,-23471.23,202601BANCOS.CSV,15435,d99a014547ae7a433e11bb01c2c2c5236394328e9ddfc23b7edf28608723828d,BCB balancete doc. 4010
202601,13009717,BCO DO EST. DE SE S.A.,4155000009,DEPÓSITOS JUDICIAIS E ADMINISTRATIVOS MANTIDOS NA INSTITUIÇÃO,2121437415.47,202601BANCOS.CSV,15553,d99a014547ae7a433e11bb01c2c2c5236394328e9ddfc23b7edf28608723828d,BCB balancete doc. 4010
202601,13009717,BCO DO EST. DE SE S.A.,8114000008,(-) DESPESAS DE DEPÓSITOS JUDICIAIS E ADMINISTRATIVOS MANTIDOS NA INSTITUIÇÃO,-15868779.11,202601BANCOS.CSV,15666,d99a014547ae7a433e11bb01c2c2c5236394328e9ddfc23b7edf28608723828d,BCB balancete doc. 4010
202601,13009717,BCO DO EST. DE SE S.A.,9090800008,DEPÓSITOS JUDICIAIS E ADMINISTRATIVOS REPASSADOS A ESTADOS E DISTRITO FEDERAL,203024667.88,202601BANCOS.CSV,15739,d99a014547ae7a433e11bb01c2c2c5236394328e9ddfc23b7edf28608723828d,BCB balancete doc. 4010
202601,13009717,BCO DO EST. DE SE S.A.,9090900001,DEPÓSITOS JUDICIAIS E ADMINISTRATIVOS REPASSADOS A MUNICÍPIOS,13784134.32,202601BANCOS.CSV,15740,d99a014547ae7a433e11bb01c2c2c5236394328e9ddfc23b7edf28608723828d,BCB balancete doc. 4010
202601,04913711,BCO DO EST. DO PA S.A.,4155000009,DEPÓSITOS JUDICIAIS E ADMINISTRATIVOS MANTIDOS NA INSTITUIÇÃO,504933.86,202601BANCOS.CSV,9457,d99a014547ae7a433e11bb01c2c2c5236394328e9ddfc23b7edf28608723828d,BCB balancete doc. 4010
202601,04913711,BCO DO EST. DO PA S.A.,8114000008,(-) DESPESAS DE DEPÓSITOS JUDICIAIS E ADMINISTRATIVOS MANTIDOS NA INSTITUIÇÃO,-341.5,202601BANCOS.CSV,9577,d99a014547ae7a433e11bb01c2c2c5236394328e9ddfc23b7edf28608723828d,BCB balancete doc. 4010
202601,92702067,BCO DO ESTADO DO RS S.A.,4155000009,DEPÓSITOS JUDICIAIS E ADMINISTRATIVOS MANTIDOS NA INSTITUIÇÃO,10917748039.62,202601BANCOS.CSV,48091,d99a014547ae7a433e11bb01c2c2c5236394328e9ddfc23b7edf28608723828d,BCB balancete doc. 4010
202601,92702067,BCO DO ESTADO DO RS S.A.,8114000008,(-) DESPESAS DE DEPÓSITOS JUDICIAIS E ADMINISTRATIVOS MANTIDOS NA INSTITUIÇÃO,-80238911.1,202601BANCOS.CSV,48253,d99a014547ae7a433e11bb01c2c2c5236394328e9ddfc23b7edf28608723828d,BCB balancete doc. 4010
202601,92702067,BCO DO ESTADO DO RS S.A.,9090800008,DEPÓSITOS JUDICIAIS E ADMINISTRATIVOS REPASSADOS A ESTADOS E DISTRITO FEDERAL,10306349442.94,202601BANCOS.CSV,48339,d99a014547ae7a433e11bb01c2c2c5236394328e9ddfc23b7edf28608723828d,BCB balancete doc. 4010
202601,92702067,BCO DO ESTADO DO RS S.A.,9090900001,DEPÓSITOS JUDICIAIS E ADMINISTRATIVOS REPASSADOS A MUNICÍPIOS,114394822.31,202601BANCOS.CSV,48340,d99a014547ae7a433e11bb01c2c2c5236394328e9ddfc23b7edf28608723828d,BCB balancete doc. 4010
202601,07237373,BCO DO NORDESTE DO BRASIL S.A.,4155000009,DEPÓSITOS JUDICIAIS E ADMINISTRATIVOS MANTIDOS NA INSTITUIÇÃO,206484609.6,202601BANCOS.CSV,10654,d99a014547ae7a433e11bb01c2c2c5236394328e9ddfc23b7edf28608723828d,BCB balancete doc. 4010
202601,07237373,BCO DO NORDESTE DO BRASIL S.A.,8114000008,(-) DESPESAS DE DEPÓSITOS JUDICIAIS E ADMINISTRATIVOS MANTIDOS NA INSTITUIÇÃO,-1356617.12,202601BANCOS.CSV,10808,d99a014547ae7a433e11bb01c2c2c5236394328e9ddfc23b7edf28608723828d,BCB balancete doc. 4010
202601,17184037,BCO MERCANTIL DO BRASIL S.A.,4155000009,DEPÓSITOS JUDICIAIS E ADMINISTRATIVOS MANTIDOS NA INSTITUIÇÃO,876549.46,202601BANCOS.CSV,18053,d99a014547ae7a433e11bb01c2c2c5236394328e9ddfc23b7edf28608723828d,BCB balancete doc. 4010
202601,17184037,BCO MERCANTIL DO BRASIL S.A.,8114000008,(-) DESPESAS DE DEPÓSITOS JUDICIAIS E ADMINISTRATIVOS MANTIDOS NA INSTITUIÇÃO,-1480.91,202601BANCOS.CSV,18177,d99a014547ae7a433e11bb01c2c2c5236394328e9ddfc23b7edf28608723828d,BCB balancete doc. 4010
202601,90400888,BCO SANTANDER (BRASIL) S.A.,4155000009,DEPÓSITOS JUDICIAIS E ADMINISTRATIVOS MANTIDOS NA INSTITUIÇÃO,137298699.66,202601BANCOS.CSV,47230,d99a014547ae7a433e11bb01c2c2c5236394328e9ddfc23b7edf28608723828d,BCB balancete doc. 4010
202601,90400888,BCO SANTANDER (BRASIL) S.A.,8114000008,(-) DESPESAS DE DEPÓSITOS JUDICIAIS E ADMINISTRATIVOS MANTIDOS NA INSTITUIÇÃO,-915115.15,202601BANCOS.CSV,47435,d99a014547ae7a433e11bb01c2c2c5236394328e9ddfc23b7edf28608723828d,BCB balancete doc. 4010
202601,00360305,CAIXA ECONOMICA FEDERAL,4155000009,DEPÓSITOS JUDICIAIS E ADMINISTRATIVOS MANTIDOS NA INSTITUIÇÃO,118824772586.51,202601BANCOS.CSV,916,d99a014547ae7a433e11bb01c2c2c5236394328e9ddfc23b7edf28608723828d,BCB balancete doc. 4010
202601,00360305,CAIXA ECONOMICA FEDERAL,8114000008,(-) DESPESAS DE DEPÓSITOS JUDICIAIS E ADMINISTRATIVOS MANTIDOS NA INSTITUIÇÃO,-910974555.97,202601BANCOS.CSV,1110,d99a014547ae7a433e11bb01c2c2c5236394328e9ddfc23b7edf28608723828d,BCB balancete doc. 4010
202601,00360305,CAIXA ECONOMICA FEDERAL,9090700005,DEPÓSITOS JUDICIAIS E ADMINISTRATIVOS REPASSADOS À UNIÃO,386974460313.42,202601BANCOS.CSV,1216,d99a014547ae7a433e11bb01c2c2c5236394328e9ddfc23b7edf28608723828d,BCB balancete doc. 4010
202601,00360305,CAIXA ECONOMICA FEDERAL,9090800008,DEPÓSITOS JUDICIAIS E ADMINISTRATIVOS REPASSADOS A ESTADOS E DISTRITO FEDERAL,4668027483.21,202601BANCOS.CSV,1217,d99a014547ae7a433e11bb01c2c2c5236394328e9ddfc23b7edf28608723828d,BCB balancete doc. 4010
202601,00360305,CAIXA ECONOMICA FEDERAL,9090900001,DEPÓSITOS JUDICIAIS E ADMINISTRATIVOS REPASSADOS A MUNICÍPIOS,1043512666.44,202601BANCOS.CSV,1218,d99a014547ae7a433e11bb01c2c2c5236394328e9ddfc23b7edf28608723828d,BCB balancete doc. 4010
202601,60701190,ITAÚ UNIBANCO S.A.,4155000009,DEPÓSITOS JUDICIAIS E ADMINISTRATIVOS MANTIDOS NA INSTITUIÇÃO,18391940.92,202601BANCOS.CSV,36842,d99a014547ae7a433e11bb01c2c2c5236394328e9ddfc23b7edf28608723828d,BCB balancete doc. 4010
202601,60701190,ITAÚ UNIBANCO S.A.,8114000008,(-) DESPESAS DE DEPÓSITOS JUDICIAIS E ADMINISTRATIVOS MANTIDOS NA INSTITUIÇÃO,-123302.83,202601BANCOS.CSV,37052,d99a014547ae7a433e11bb01c2c2c5236394328e9ddfc23b7edf28608723828d,BCB balancete doc. 4010
202602,50585090,BANCO BMG CONSIGNADO S.A.,1899800001,(-) PROVISÃO PARA PERDAS DE CRÉDITO EM RESTITUIÇÃO DE DEPÓSITOS JUDICIAIS E ADMINISTRATIVOS,-312.62,202602BANCOS.CSV,31898,42b895b9ac76dbd855a5ad8e93909bcf6594a318620de0e3c35e1d0f6e580958,BCB balancete doc. 4010
202602,62421979,BANCO BMG SOLUÇÕES FINANCEIRAS S.A.,1899800001,(-) PROVISÃO PARA PERDAS DE CRÉDITO EM RESTITUIÇÃO DE DEPÓSITOS JUDICIAIS E ADMINISTRATIVOS,-792.77,202602BANCOS.CSV,44761,42b895b9ac76dbd855a5ad8e93909bcf6594a318620de0e3c35e1d0f6e580958,BCB balancete doc. 4010
202602,92894922,BANCO ORIGINAL,1899800001,(-) PROVISÃO PARA PERDAS DE CRÉDITO EM RESTITUIÇÃO DE DEPÓSITOS JUDICIAIS E ADMINISTRATIVOS,-4875.37,202602BANCOS.CSV,49430,42b895b9ac76dbd855a5ad8e93909bcf6594a318620de0e3c35e1d0f6e580958,BCB balancete doc. 4010
202602,28195667,BCO ABC BRASIL S.A.,4155000009,DEPÓSITOS JUDICIAIS E ADMINISTRATIVOS MANTIDOS NA INSTITUIÇÃO,1717921.16,202602BANCOS.CSV,21408,42b895b9ac76dbd855a5ad8e93909bcf6594a318620de0e3c35e1d0f6e580958,BCB balancete doc. 4010
202602,28195667,BCO ABC BRASIL S.A.,8114000008,(-) DESPESAS DE DEPÓSITOS JUDICIAIS E ADMINISTRATIVOS MANTIDOS NA INSTITUIÇÃO,-21758.41,202602BANCOS.CSV,21545,42b895b9ac76dbd855a5ad8e93909bcf6594a318620de0e3c35e1d0f6e580958,BCB balancete doc. 4010
202602,28127603,BCO BANESTES S.A.,4155000009,DEPÓSITOS JUDICIAIS E ADMINISTRATIVOS MANTIDOS NA INSTITUIÇÃO,4892732499.61,202602BANCOS.CSV,20658,42b895b9ac76dbd855a5ad8e93909bcf6594a318620de0e3c35e1d0f6e580958,BCB balancete doc. 4010
202602,28127603,BCO BANESTES S.A.,8114000008,(-) DESPESAS DE DEPÓSITOS JUDICIAIS E ADMINISTRATIVOS MANTIDOS NA INSTITUIÇÃO,-89753394.03,202602BANCOS.CSV,20795,42b895b9ac76dbd855a5ad8e93909bcf6594a318620de0e3c35e1d0f6e580958,BCB balancete doc. 4010
202602,28127603,BCO BANESTES S.A.,9090900001,DEPÓSITOS JUDICIAIS E ADMINISTRATIVOS REPASSADOS A MUNICÍPIOS,431797581.63,202602BANCOS.CSV,20870,42b895b9ac76dbd855a5ad8e93909bcf6594a318620de0e3c35e1d0f6e580958,BCB balancete doc. 4010
202602,61186680,BCO BMG S.A.,1899800001,(-) PROVISÃO PARA PERDAS DE CRÉDITO EM RESTITUIÇÃO DE DEPÓSITOS JUDICIAIS E ADMINISTRATIVOS,-1030893.25,202602BANCOS.CSV,41039,42b895b9ac76dbd855a5ad8e93909bcf6594a318620de0e3c35e1d0f6e580958,BCB balancete doc. 4010
202602,60746948,BCO BRADESCO S.A.,4155000009,DEPÓSITOS JUDICIAIS E ADMINISTRATIVOS MANTIDOS NA INSTITUIÇÃO,278676225.81,202602BANCOS.CSV,38102,42b895b9ac76dbd855a5ad8e93909bcf6594a318620de0e3c35e1d0f6e580958,BCB balancete doc. 4010
202602,60746948,BCO BRADESCO S.A.,8114000008,(-) DESPESAS DE DEPÓSITOS JUDICIAIS E ADMINISTRATIVOS MANTIDOS NA INSTITUIÇÃO,-3590140.35,202602BANCOS.CSV,38304,42b895b9ac76dbd855a5ad8e93909bcf6594a318620de0e3c35e1d0f6e580958,BCB balancete doc. 4010
202602,04902979,BCO DA AMAZONIA S.A.,4155000009,DEPÓSITOS JUDICIAIS E ADMINISTRATIVOS MANTIDOS NA INSTITUIÇÃO,88595420.01,202602BANCOS.CSV,9192,42b895b9ac76dbd855a5ad8e93909bcf6594a318620de0e3c35e1d0f6e580958,BCB balancete doc. 4010
202602,04902979,BCO DA AMAZONIA S.A.,8114000008,(-) DESPESAS DE DEPÓSITOS JUDICIAIS E ADMINISTRATIVOS MANTIDOS NA INSTITUIÇÃO,-1186424.42,202602BANCOS.CSV,9324,42b895b9ac76dbd855a5ad8e93909bcf6594a318620de0e3c35e1d0f6e580958,BCB balancete doc. 4010
202602,00000000,BCO DO BRASIL S.A.,4155000009,DEPÓSITOS JUDICIAIS E ADMINISTRATIVOS MANTIDOS NA INSTITUIÇÃO,266248052745.35,202602BANCOS.CSV,288,42b895b9ac76dbd855a5ad8e93909bcf6594a318620de0e3c35e1d0f6e580958,BCB balancete doc. 4010
202602,00000000,BCO DO BRASIL S.A.,8114000008,(-) DESPESAS DE DEPÓSITOS JUDICIAIS E ADMINISTRATIVOS MANTIDOS NA INSTITUIÇÃO,-4689473176.94,202602BANCOS.CSV,498,42b895b9ac76dbd855a5ad8e93909bcf6594a318620de0e3c35e1d0f6e580958,BCB balancete doc. 4010
202602,00000000,BCO DO BRASIL S.A.,9090800008,DEPÓSITOS JUDICIAIS E ADMINISTRATIVOS REPASSADOS A ESTADOS E DISTRITO FEDERAL,61809174413.82,202602BANCOS.CSV,610,42b895b9ac76dbd855a5ad8e93909bcf6594a318620de0e3c35e1d0f6e580958,BCB balancete doc. 4010
202602,00000000,BCO DO BRASIL S.A.,9090900001,DEPÓSITOS JUDICIAIS E ADMINISTRATIVOS REPASSADOS A MUNICÍPIOS,22409646987.97,202602BANCOS.CSV,611,42b895b9ac76dbd855a5ad8e93909bcf6594a318620de0e3c35e1d0f6e580958,BCB balancete doc. 4010
202602,13009717,BCO DO EST. DE SE S.A.,1899800001,(-) PROVISÃO PARA PERDAS DE CRÉDITO EM RESTITUIÇÃO DE DEPÓSITOS JUDICIAIS E ADMINISTRATIVOS,-20572.88,202602BANCOS.CSV,15689,42b895b9ac76dbd855a5ad8e93909bcf6594a318620de0e3c35e1d0f6e580958,BCB balancete doc. 4010
202602,13009717,BCO DO EST. DE SE S.A.,4155000009,DEPÓSITOS JUDICIAIS E ADMINISTRATIVOS MANTIDOS NA INSTITUIÇÃO,2125557350.82,202602BANCOS.CSV,15807,42b895b9ac76dbd855a5ad8e93909bcf6594a318620de0e3c35e1d0f6e580958,BCB balancete doc. 4010
202602,13009717,BCO DO EST. DE SE S.A.,8114000008,(-) DESPESAS DE DEPÓSITOS JUDICIAIS E ADMINISTRATIVOS MANTIDOS NA INSTITUIÇÃO,-31063059.17,202602BANCOS.CSV,15921,42b895b9ac76dbd855a5ad8e93909bcf6594a318620de0e3c35e1d0f6e580958,BCB balancete doc. 4010
202602,13009717,BCO DO EST. DE SE S.A.,9090800008,DEPÓSITOS JUDICIAIS E ADMINISTRATIVOS REPASSADOS A ESTADOS E DISTRITO FEDERAL,203024667.88,202602BANCOS.CSV,15994,42b895b9ac76dbd855a5ad8e93909bcf6594a318620de0e3c35e1d0f6e580958,BCB balancete doc. 4010
202602,13009717,BCO DO EST. DE SE S.A.,9090900001,DEPÓSITOS JUDICIAIS E ADMINISTRATIVOS REPASSADOS A MUNICÍPIOS,13784134.32,202602BANCOS.CSV,15995,42b895b9ac76dbd855a5ad8e93909bcf6594a318620de0e3c35e1d0f6e580958,BCB balancete doc. 4010
202602,04913711,BCO DO EST. DO PA S.A.,4155000009,DEPÓSITOS JUDICIAIS E ADMINISTRATIVOS MANTIDOS NA INSTITUIÇÃO,915430.82,202602BANCOS.CSV,9618,42b895b9ac76dbd855a5ad8e93909bcf6594a318620de0e3c35e1d0f6e580958,BCB balancete doc. 4010
202602,04913711,BCO DO EST. DO PA S.A.,8114000008,(-) DESPESAS DE DEPÓSITOS JUDICIAIS E ADMINISTRATIVOS MANTIDOS NA INSTITUIÇÃO,-666.95,202602BANCOS.CSV,9737,42b895b9ac76dbd855a5ad8e93909bcf6594a318620de0e3c35e1d0f6e580958,BCB balancete doc. 4010
202602,92702067,BCO DO ESTADO DO RS S.A.,4155000009,DEPÓSITOS JUDICIAIS E ADMINISTRATIVOS MANTIDOS NA INSTITUIÇÃO,10925184002.62,202602BANCOS.CSV,48474,42b895b9ac76dbd855a5ad8e93909bcf6594a318620de0e3c35e1d0f6e580958,BCB balancete doc. 4010
202602,92702067,BCO DO ESTADO DO RS S.A.,8114000008,(-) DESPESAS DE DEPÓSITOS JUDICIAIS E ADMINISTRATIVOS MANTIDOS NA INSTITUIÇÃO,-151570246.95,202602BANCOS.CSV,48635,42b895b9ac76dbd855a5ad8e93909bcf6594a318620de0e3c35e1d0f6e580958,BCB balancete doc. 4010
202602,92702067,BCO DO ESTADO DO RS S.A.,9090800008,DEPÓSITOS JUDICIAIS E ADMINISTRATIVOS REPASSADOS A ESTADOS E DISTRITO FEDERAL,10306349442.94,202602BANCOS.CSV,48721,42b895b9ac76dbd855a5ad8e93909bcf6594a318620de0e3c35e1d0f6e580958,BCB balancete doc. 4010
202602,92702067,BCO DO ESTADO DO RS S.A.,9090900001,DEPÓSITOS JUDICIAIS E ADMINISTRATIVOS REPASSADOS A MUNICÍPIOS,115404687.61,202602BANCOS.CSV,48722,42b895b9ac76dbd855a5ad8e93909bcf6594a318620de0e3c35e1d0f6e580958,BCB balancete doc. 4010
202602,07237373,BCO DO NORDESTE DO BRASIL S.A.,4155000009,DEPÓSITOS JUDICIAIS E ADMINISTRATIVOS MANTIDOS NA INSTITUIÇÃO,207170032.76,202602BANCOS.CSV,10833,42b895b9ac76dbd855a5ad8e93909bcf6594a318620de0e3c35e1d0f6e580958,BCB balancete doc. 4010
202602,07237373,BCO DO NORDESTE DO BRASIL S.A.,8114000008,(-) DESPESAS DE DEPÓSITOS JUDICIAIS E ADMINISTRATIVOS MANTIDOS NA INSTITUIÇÃO,-2574686.34,202602BANCOS.CSV,10985,42b895b9ac76dbd855a5ad8e93909bcf6594a318620de0e3c35e1d0f6e580958,BCB balancete doc. 4010
202602,17184037,BCO MERCANTIL DO BRASIL S.A.,4155000009,DEPÓSITOS JUDICIAIS E ADMINISTRATIVOS MANTIDOS NA INSTITUIÇÃO,881872.59,202602BANCOS.CSV,18304,42b895b9ac76dbd855a5ad8e93909bcf6594a318620de0e3c35e1d0f6e580958,BCB balancete doc. 4010
202602,17184037,BCO MERCANTIL DO BRASIL S.A.,8114000008,(-) DESPESAS DE DEPÓSITOS JUDICIAIS E ADMINISTRATIVOS MANTIDOS NA INSTITUIÇÃO,-2532.4,202602BANCOS.CSV,18429,42b895b9ac76dbd855a5ad8e93909bcf6594a318620de0e3c35e1d0f6e580958,BCB balancete doc. 4010
202602,90400888,BCO SANTANDER (BRASIL) S.A.,4155000009,DEPÓSITOS JUDICIAIS E ADMINISTRATIVOS MANTIDOS NA INSTITUIÇÃO,138150646.13,202602BANCOS.CSV,47609,42b895b9ac76dbd855a5ad8e93909bcf6594a318620de0e3c35e1d0f6e580958,BCB balancete doc. 4010
202602,90400888,BCO SANTANDER (BRASIL) S.A.,8114000008,(-) DESPESAS DE DEPÓSITOS JUDICIAIS E ADMINISTRATIVOS MANTIDOS NA INSTITUIÇÃO,-1767061.62,202602BANCOS.CSV,47815,42b895b9ac76dbd855a5ad8e93909bcf6594a318620de0e3c35e1d0f6e580958,BCB balancete doc. 4010
202602,00360305,CAIXA ECONOMICA FEDERAL,4155000009,DEPÓSITOS JUDICIAIS E ADMINISTRATIVOS MANTIDOS NA INSTITUIÇÃO,118751750842.19,202602BANCOS.CSV,922,42b895b9ac76dbd855a5ad8e93909bcf6594a318620de0e3c35e1d0f6e580958,BCB balancete doc. 4010
202602,00360305,CAIXA ECONOMICA FEDERAL,8114000008,(-) DESPESAS DE DEPÓSITOS JUDICIAIS E ADMINISTRATIVOS MANTIDOS NA INSTITUIÇÃO,-1754952167.47,202602BANCOS.CSV,1123,42b895b9ac76dbd855a5ad8e93909bcf6594a318620de0e3c35e1d0f6e580958,BCB balancete doc. 4010
202602,00360305,CAIXA ECONOMICA FEDERAL,9090700005,DEPÓSITOS JUDICIAIS E ADMINISTRATIVOS REPASSADOS À UNIÃO,394135131866.08,202602BANCOS.CSV,1230,42b895b9ac76dbd855a5ad8e93909bcf6594a318620de0e3c35e1d0f6e580958,BCB balancete doc. 4010
202602,00360305,CAIXA ECONOMICA FEDERAL,9090800008,DEPÓSITOS JUDICIAIS E ADMINISTRATIVOS REPASSADOS A ESTADOS E DISTRITO FEDERAL,4698129434.84,202602BANCOS.CSV,1231,42b895b9ac76dbd855a5ad8e93909bcf6594a318620de0e3c35e1d0f6e580958,BCB balancete doc. 4010
202602,00360305,CAIXA ECONOMICA FEDERAL,9090900001,DEPÓSITOS JUDICIAIS E ADMINISTRATIVOS REPASSADOS A MUNICÍPIOS,1020519255.07,202602BANCOS.CSV,1232,42b895b9ac76dbd855a5ad8e93909bcf6594a318620de0e3c35e1d0f6e580958,BCB balancete doc. 4010
202602,60701190,ITAÚ UNIBANCO S.A.,4155000009,DEPÓSITOS JUDICIAIS E ADMINISTRATIVOS MANTIDOS NA INSTITUIÇÃO,17364133.9,202602BANCOS.CSV,37423,42b895b9ac76dbd855a5ad8e93909bcf6594a318620de0e3c35e1d0f6e580958,BCB balancete doc. 4010
202602,60701190,ITAÚ UNIBANCO S.A.,8114000008,(-) DESPESAS DE DEPÓSITOS JUDICIAIS E ADMINISTRATIVOS MANTIDOS NA INSTITUIÇÃO,-229465.81,202602BANCOS.CSV,37636,42b895b9ac76dbd855a5ad8e93909bcf6594a318620de0e3c35e1d0f6e580958,BCB balancete doc. 4010
202603,62421979,BANCO BMG SOLUÇÕES FINANCEIRAS S.A.,1899800001,(-) PROVISÃO PARA PERDAS DE CRÉDITO EM RESTITUIÇÃO DE DEPÓSITOS JUDICIAIS E ADMINISTRATIVOS,-391.8,202603BANCOS.CSV,45218,7182290443ade7d8de26c8e0522ac2ae946a754f88065037725421b32441571d,BCB balancete doc. 4010
202603,92894922,BANCO ORIGINAL,1899800001,(-) PROVISÃO PARA PERDAS DE CRÉDITO EM RESTITUIÇÃO DE DEPÓSITOS JUDICIAIS E ADMINISTRATIVOS,-4915.51,202603BANCOS.CSV,49932,7182290443ade7d8de26c8e0522ac2ae946a754f88065037725421b32441571d,BCB balancete doc. 4010
202603,28195667,BCO ABC BRASIL S.A.,4155000009,DEPÓSITOS JUDICIAIS E ADMINISTRATIVOS MANTIDOS NA INSTITUIÇÃO,1729821.37,202603BANCOS.CSV,21627,7182290443ade7d8de26c8e0522ac2ae946a754f88065037725421b32441571d,BCB balancete doc. 4010
202603,28195667,BCO ABC BRASIL S.A.,8114000008,(-) DESPESAS DE DEPÓSITOS JUDICIAIS E ADMINISTRATIVOS MANTIDOS NA INSTITUIÇÃO,-33658.62,202603BANCOS.CSV,21769,7182290443ade7d8de26c8e0522ac2ae946a754f88065037725421b32441571d,BCB balancete doc. 4010
202603,28127603,BCO BANESTES S.A.,4155000009,DEPÓSITOS JUDICIAIS E ADMINISTRATIVOS MANTIDOS NA INSTITUIÇÃO,4995595502.2,202603BANCOS.CSV,20877,7182290443ade7d8de26c8e0522ac2ae946a754f88065037725421b32441571d,BCB balancete doc. 4010
202603,28127603,BCO BANESTES S.A.,8114000008,(-) DESPESAS DE DEPÓSITOS JUDICIAIS E ADMINISTRATIVOS MANTIDOS NA INSTITUIÇÃO,-140641919.92,202603BANCOS.CSV,21012,7182290443ade7d8de26c8e0522ac2ae946a754f88065037725421b32441571d,BCB balancete doc. 4010
202603,28127603,BCO BANESTES S.A.,9090900001,DEPÓSITOS JUDICIAIS E ADMINISTRATIVOS REPASSADOS A MUNICÍPIOS,429823634.82,202603BANCOS.CSV,21087,7182290443ade7d8de26c8e0522ac2ae946a754f88065037725421b32441571d,BCB balancete doc. 4010
202603,61186680,BCO BMG S.A.,1899800001,(-) PROVISÃO PARA PERDAS DE CRÉDITO EM RESTITUIÇÃO DE DEPÓSITOS JUDICIAIS E ADMINISTRATIVOS,-517995.56,202603BANCOS.CSV,41442,7182290443ade7d8de26c8e0522ac2ae946a754f88065037725421b32441571d,BCB balancete doc. 4010
202603,60746948,BCO BRADESCO S.A.,4155000009,DEPÓSITOS JUDICIAIS E ADMINISTRATIVOS MANTIDOS NA INSTITUIÇÃO,280281301.0,202603BANCOS.CSV,38472,7182290443ade7d8de26c8e0522ac2ae946a754f88065037725421b32441571d,BCB balancete doc. 4010
202603,60746948,BCO BRADESCO S.A.,8114000008,(-) DESPESAS DE DEPÓSITOS JUDICIAIS E ADMINISTRATIVOS MANTIDOS NA INSTITUIÇÃO,-5555164.49,202603BANCOS.CSV,38677,7182290443ade7d8de26c8e0522ac2ae946a754f88065037725421b32441571d,BCB balancete doc. 4010
202603,04902979,BCO DA AMAZONIA S.A.,4155000009,DEPÓSITOS JUDICIAIS E ADMINISTRATIVOS MANTIDOS NA INSTITUIÇÃO,89587122.05,202603BANCOS.CSV,9273,7182290443ade7d8de26c8e0522ac2ae946a754f88065037725421b32441571d,BCB balancete doc. 4010
202603,04902979,BCO DA AMAZONIA S.A.,8114000008,(-) DESPESAS DE DEPÓSITOS JUDICIAIS E ADMINISTRATIVOS MANTIDOS NA INSTITUIÇÃO,-1814446.86,202603BANCOS.CSV,9405,7182290443ade7d8de26c8e0522ac2ae946a754f88065037725421b32441571d,BCB balancete doc. 4010
202603,00000000,BCO DO BRASIL S.A.,4155000009,DEPÓSITOS JUDICIAIS E ADMINISTRATIVOS MANTIDOS NA INSTITUIÇÃO,296897282637.26,202603BANCOS.CSV,288,7182290443ade7d8de26c8e0522ac2ae946a754f88065037725421b32441571d,BCB balancete doc. 4010
202603,00000000,BCO DO BRASIL S.A.,8114000008,(-) DESPESAS DE DEPÓSITOS JUDICIAIS E ADMINISTRATIVOS MANTIDOS NA INSTITUIÇÃO,-7131596145.28,202603BANCOS.CSV,502,7182290443ade7d8de26c8e0522ac2ae946a754f88065037725421b32441571d,BCB balancete doc. 4010
202603,00000000,BCO DO BRASIL S.A.,9090800008,DEPÓSITOS JUDICIAIS E ADMINISTRATIVOS REPASSADOS A ESTADOS E DISTRITO FEDERAL,62579960331.59,202603BANCOS.CSV,614,7182290443ade7d8de26c8e0522ac2ae946a754f88065037725421b32441571d,BCB balancete doc. 4010
202603,00000000,BCO DO BRASIL S.A.,9090900001,DEPÓSITOS JUDICIAIS E ADMINISTRATIVOS REPASSADOS A MUNICÍPIOS,22408604611.94,202603BANCOS.CSV,615,7182290443ade7d8de26c8e0522ac2ae946a754f88065037725421b32441571d,BCB balancete doc. 4010
202603,13009717,BCO DO EST. DE SE S.A.,1899800001,(-) PROVISÃO PARA PERDAS DE CRÉDITO EM RESTITUIÇÃO DE DEPÓSITOS JUDICIAIS E ADMINISTRATIVOS,-20595.27,202603BANCOS.CSV,15829,7182290443ade7d8de26c8e0522ac2ae946a754f88065037725421b32441571d,BCB balancete doc. 4010
202603,13009717,BCO DO EST. DE SE S.A.,4155000009,DEPÓSITOS JUDICIAIS E ADMINISTRATIVOS MANTIDOS NA INSTITUIÇÃO,2102765208.07,202603BANCOS.CSV,15947,7182290443ade7d8de26c8e0522ac2ae946a754f88065037725421b32441571d,BCB balancete doc. 4010
202603,13009717,BCO DO EST. DE SE S.A.,8114000008,(-) DESPESAS DE DEPÓSITOS JUDICIAIS E ADMINISTRATIVOS MANTIDOS NA INSTITUIÇÃO,-48652624.22,202603BANCOS.CSV,16061,7182290443ade7d8de26c8e0522ac2ae946a754f88065037725421b32441571d,BCB balancete doc. 4010
202603,13009717,BCO DO EST. DE SE S.A.,9090800008,DEPÓSITOS JUDICIAIS E ADMINISTRATIVOS REPASSADOS A ESTADOS E DISTRITO FEDERAL,200115558.9,202603BANCOS.CSV,16136,7182290443ade7d8de26c8e0522ac2ae946a754f88065037725421b32441571d,BCB balancete doc. 4010
202603,13009717,BCO DO EST. DE SE S.A.,9090900001,DEPÓSITOS JUDICIAIS E ADMINISTRATIVOS REPASSADOS A MUNICÍPIOS,13961931.79,202603BANCOS.CSV,16137,7182290443ade7d8de26c8e0522ac2ae946a754f88065037725421b32441571d,BCB balancete doc. 4010
202603,04913711,BCO DO EST. DO PA S.A.,4155000009,DEPÓSITOS JUDICIAIS E ADMINISTRATIVOS MANTIDOS NA INSTITUIÇÃO,1102924.88,202603BANCOS.CSV,9700,7182290443ade7d8de26c8e0522ac2ae946a754f88065037725421b32441571d,BCB balancete doc. 4010
202603,04913711,BCO DO EST. DO PA S.A.,8114000008,(-) DESPESAS DE DEPÓSITOS JUDICIAIS E ADMINISTRATIVOS MANTIDOS NA INSTITUIÇÃO,-1064.71,202603BANCOS.CSV,9819,7182290443ade7d8de26c8e0522ac2ae946a754f88065037725421b32441571d,BCB balancete doc. 4010
202603,92702067,BCO DO ESTADO DO RS S.A.,4155000009,DEPÓSITOS JUDICIAIS E ADMINISTRATIVOS MANTIDOS NA INSTITUIÇÃO,11039264440.73,202603BANCOS.CSV,48975,7182290443ade7d8de26c8e0522ac2ae946a754f88065037725421b32441571d,BCB balancete doc. 4010
202603,92702067,BCO DO ESTADO DO RS S.A.,8114000008,(-) DESPESAS DE DEPÓSITOS JUDICIAIS E ADMINISTRATIVOS MANTIDOS NA INSTITUIÇÃO,-234544395.07,202603BANCOS.CSV,49136,7182290443ade7d8de26c8e0522ac2ae946a754f88065037725421b32441571d,BCB balancete doc. 4010
202603,92702067,BCO DO ESTADO DO RS S.A.,9090800008,DEPÓSITOS JUDICIAIS E ADMINISTRATIVOS REPASSADOS A ESTADOS E DISTRITO FEDERAL,10306349442.94,202603BANCOS.CSV,49219,7182290443ade7d8de26c8e0522ac2ae946a754f88065037725421b32441571d,BCB balancete doc. 4010
202603,92702067,BCO DO ESTADO DO RS S.A.,9090900001,DEPÓSITOS JUDICIAIS E ADMINISTRATIVOS REPASSADOS A MUNICÍPIOS,115647358.41,202603BANCOS.CSV,49220,7182290443ade7d8de26c8e0522ac2ae946a754f88065037725421b32441571d,BCB balancete doc. 4010
202603,07237373,BCO DO NORDESTE DO BRASIL S.A.,4155000009,DEPÓSITOS JUDICIAIS E ADMINISTRATIVOS MANTIDOS NA INSTITUIÇÃO,207528539.09,202603BANCOS.CSV,10918,7182290443ade7d8de26c8e0522ac2ae946a754f88065037725421b32441571d,BCB balancete doc. 4010
202603,07237373,BCO DO NORDESTE DO BRASIL S.A.,8114000008,(-) DESPESAS DE DEPÓSITOS JUDICIAIS E ADMINISTRATIVOS MANTIDOS NA INSTITUIÇÃO,-3973445.85,202603BANCOS.CSV,11075,7182290443ade7d8de26c8e0522ac2ae946a754f88065037725421b32441571d,BCB balancete doc. 4010
202603,17184037,BCO MERCANTIL DO BRASIL S.A.,4155000009,DEPÓSITOS JUDICIAIS E ADMINISTRATIVOS MANTIDOS NA INSTITUIÇÃO,888258.79,202603BANCOS.CSV,18504,7182290443ade7d8de26c8e0522ac2ae946a754f88065037725421b32441571d,BCB balancete doc. 4010
202603,17184037,BCO MERCANTIL DO BRASIL S.A.,8114000008,(-) DESPESAS DE DEPÓSITOS JUDICIAIS E ADMINISTRATIVOS MANTIDOS NA INSTITUIÇÃO,-4065.53,202603BANCOS.CSV,18632,7182290443ade7d8de26c8e0522ac2ae946a754f88065037725421b32441571d,BCB balancete doc. 4010
202603,90400888,BCO SANTANDER (BRASIL) S.A.,4155000009,DEPÓSITOS JUDICIAIS E ADMINISTRATIVOS MANTIDOS NA INSTITUIÇÃO,139068931.96,202603BANCOS.CSV,48099,7182290443ade7d8de26c8e0522ac2ae946a754f88065037725421b32441571d,BCB balancete doc. 4010
202603,90400888,BCO SANTANDER (BRASIL) S.A.,8114000008,(-) DESPESAS DE DEPÓSITOS JUDICIAIS E ADMINISTRATIVOS MANTIDOS NA INSTITUIÇÃO,-2685347.45,202603BANCOS.CSV,48309,7182290443ade7d8de26c8e0522ac2ae946a754f88065037725421b32441571d,BCB balancete doc. 4010
202603,00360305,CAIXA ECONOMICA FEDERAL,4155000009,DEPÓSITOS JUDICIAIS E ADMINISTRATIVOS MANTIDOS NA INSTITUIÇÃO,154593389848.04,202603BANCOS.CSV,928,7182290443ade7d8de26c8e0522ac2ae946a754f88065037725421b32441571d,BCB balancete doc. 4010
202603,00360305,CAIXA ECONOMICA FEDERAL,8114000008,(-) DESPESAS DE DEPÓSITOS JUDICIAIS E ADMINISTRATIVOS MANTIDOS NA INSTITUIÇÃO,-2709816073.22,202603BANCOS.CSV,1129,7182290443ade7d8de26c8e0522ac2ae946a754f88065037725421b32441571d,BCB balancete doc. 4010
202603,00360305,CAIXA ECONOMICA FEDERAL,9090700005,DEPÓSITOS JUDICIAIS E ADMINISTRATIVOS REPASSADOS À UNIÃO,396405350391.71,202603BANCOS.CSV,1237,7182290443ade7d8de26c8e0522ac2ae946a754f88065037725421b32441571d,BCB balancete doc. 4010
202603,00360305,CAIXA ECONOMICA FEDERAL,9090800008,DEPÓSITOS JUDICIAIS E ADMINISTRATIVOS REPASSADOS A ESTADOS E DISTRITO FEDERAL,4636642413.88,202603BANCOS.CSV,1238,7182290443ade7d8de26c8e0522ac2ae946a754f88065037725421b32441571d,BCB balancete doc. 4010
202603,00360305,CAIXA ECONOMICA FEDERAL,9090900001,DEPÓSITOS JUDICIAIS E ADMINISTRATIVOS REPASSADOS A MUNICÍPIOS,1056316631.02,202603BANCOS.CSV,1239,7182290443ade7d8de26c8e0522ac2ae946a754f88065037725421b32441571d,BCB balancete doc. 4010
202603,60701190,ITAÚ UNIBANCO S.A.,4155000009,DEPÓSITOS JUDICIAIS E ADMINISTRATIVOS MANTIDOS NA INSTITUIÇÃO,17479515.49,202603BANCOS.CSV,37787,7182290443ade7d8de26c8e0522ac2ae946a754f88065037725421b32441571d,BCB balancete doc. 4010
202603,60701190,ITAÚ UNIBANCO S.A.,8114000008,(-) DESPESAS DE DEPÓSITOS JUDICIAIS E ADMINISTRATIVOS MANTIDOS NA INSTITUIÇÃO,-353043.31,202603BANCOS.CSV,38002,7182290443ade7d8de26c8e0522ac2ae946a754f88065037725421b32441571d,BCB balancete doc. 4010
